channels,codecName,codecType,comAndroidVersion,country,creationTime,duration,durationOriginalFile,engineCapacity,engineIssues,etag,formatName,fuelType,make,manufactureYear,mileage,model,plateNo,recordDt,s3Path,s3Path10s,sampleFmt,sampleRate,soundLocation,source,subModel,transmission,updateDt
1.0,aac,audio,10.0,indonesia,2022-07-18T03:23:31.000000Z,10.0,21.12,,['Normal'],41aef3d228180cf4be662e988d88bdde,"mov,mp4,m4a,3gp,3g2,mj2",petrol,Daihatsu,,,Sigra,B2229TKQ,2022-07-18 10:23:32,https://carro-ds-acoustic-data.s3.ap-southeast-1.amazonaws.com/videos/Daihatsu-B2229TKQ-Normal-10-23-32-7-18-2022.mp4,https://ds-acoustic-audioset.s3.ap-southeast-1.amazonaws.com/workshop-10s-audio/Daihatsu-B2229TKQ-Normal-10-23-32-7-18-2022.mp4_20220718155038.353207.wav,fltp,48000.0,No Abnormal Sounds,Workshop,null,null,2022-07-27 11:19:16.829000
2.0,aac,audio,11.0,singapore,2022-07-20T04:53:14.000000Z,,30.625646,1499.0,['Normal'],d04120733310402d3de00d720764d869,"mov,mp4,m4a,3gp,3g2,mj2",petrol,BMW,2015.0,105267.0,318i,SMR2363R,2022-07-20 12:53:14,https://carro-ds-acoustic-data.s3.ap-southeast-1.amazonaws.com/sounds/BMW-SMR2363R-Normal-12-53-14-7-20-2022.m4a,,fltp,44100.0,No Abnormal Sounds,Workshop,Sedan Led,automatic,2022-07-30 11:19:17.178000
1.0,aac,audio,10.0,indonesia,2022-07-18T05:10:24.000000Z,10.0,24.426667,,['Normal'],b98134168bb6ffda59c8b71ae5da551d,"mov,mp4,m4a,3gp,3g2,mj2",petrol,Toyota,,,Vios 1.5 G,A1373HS,2022-07-18 12:10:25,https://carro-ds-acoustic-data.s3.ap-southeast-1.amazonaws.com/videos/Toyota-A1373HS-Normal-12-10-25-7-18-2022.mp4,https://ds-acoustic-audioset.s3.ap-southeast-1.amazonaws.com/workshop-10s-audio/Toyota-A1373HS-Normal-12-10-25-7-18-2022.mp4_20220718215019.529830.wav,fltp,48000.0,No Abnormal Sounds,Workshop,null,null,2022-07-28 11:19:16.943000
1.0,aac,audio,10.0,indonesia,2022-07-24T10:02:15.000000Z,10.0,18.986667,,['Normal'],6afa6a50c840f71e8314e5ef2fe719dd,"mov,mp4,m4a,3gp,3g2,mj2",petrol,Daihatsu,,,Terios,B1264KIG,2022-07-24 17:02:17,https://carro-ds-acoustic-data.s3.ap-southeast-1.amazonaws.com/videos/Daihatsu-B1264KIG-Normal-17-2-17-7-24-2022.mp4,https://ds-acoustic-audioset.s3.ap-southeast-1.amazonaws.com/workshop-10s-audio/Daihatsu-B1264KIG-Normal-17-2-17-7-24-2022.mp4_20220724155024.206331.wav,fltp,48000.0,No Abnormal Sounds,Workshop,null,null,2022-08-03 11:19:16.781000
1.0,aac,audio,10.0,indonesia,2022-07-24T05:17:29.000000Z,10.0,19.370667,,['Abnormal'],e4bc003567f131267d7e5a3d61e4be4b,"mov,mp4,m4a,3gp,3g2,mj2",petrol,Toyota,,,Avanza,B1664URU,2022-07-24 12:17:31,https://carro-ds-acoustic-data.s3.ap-southeast-1.amazonaws.com/videos/Toyota-B1664URU-Abnormal-12-17-31-7-24-2022.mp4,https://ds-acoustic-audioset.s3.ap-southeast-1.amazonaws.com/workshop-10s-audio/Toyota-B1664URU-Abnormal-12-17-31-7-24-2022.mp4_20220724155032.088451.wav,fltp,48000.0,Suara kasar bearing,Workshop,null,null,2022-08-03 11:19:16.720000
2.0,aac,audio,11.0,singapore,2022-07-20T05:01:08.000000Z,10.0,30.904286,1584.0,['Normal'],4bcc62e2ed8398c04de574d9fda76a7b,"mov,mp4,m4a,3gp,3g2,mj2",petrol,Mitsubishi,2009.0,299544.0,Lancer,SJU5610C,2022-07-20 13:01:07,https://carro-ds-acoustic-data.s3.ap-southeast-1.amazonaws.com/sounds/Mitsubishi-SJU5610C-Normal-13-1-7-7-20-2022.m4a,https://ds-acoustic-audioset.s3.ap-southeast-1.amazonaws.com/workshop-10s-audio/Mitsubishi-SJU5610C-Normal-13-1-7-7-20-2022.m4a_20220722095025.792938.wav,fltp,44100.0,No Abnormal Sounds,Workshop,1.6 Glx Auto Abs Airbag 2wd 4dr,automatic,2022-07-30 11:19:17.306000
2.0,aac,audio,11.0,singapore,2022-07-20T05:22:40.000000Z,10.0,30.579206,1496.0,['Normal'],9b6e2d5708ce28491be1c1316c1ac7a5,"mov,mp4,m4a,3gp,3g2,mj2",petrol,Mazda,2017.0,107845.0,Mazda3,SMU5743S,2022-07-20 13:22:40,https://carro-ds-acoustic-data.s3.ap-southeast-1.amazonaws.com/sounds/Mazda-SMU5743S-Normal-13-22-40-7-20-2022.m4a,https://ds-acoustic-audioset.s3.ap-southeast-1.amazonaws.com/workshop-10s-audio/Mazda-SMU5743S-Normal-13-22-40-7-20-2022.m4a_20220721035025.910055.wav,fltp,44100.0,No Abnormal Sounds,Workshop,Sedan 1.5 At Eu6,automatic,2022-07-30 11:19:17.445000
2.0,aac,audio,12.0,singapore,2022-07-20T04:49:27.000000Z,,30.72,,['Normal'],bf27ee39c45830a0f4357c942d4bfbd7,"mov,mp4,m4a,3gp,3g2,mj2",petrol,Mercedes-Benz,,,null,SNB9932A,2022-07-20 12:49:26,https://carro-ds-acoustic-data.s3.ap-southeast-1.amazonaws.com/sounds/Mercedes-Benz-SNB9932A-Normal-12-49-26-7-20-2022.m4a,,fltp,44100.0,No Abnormal Sounds,Workshop,null,null,2022-07-30 11:19:17.148000
2.0,aac,audio,11.0,singapore,2022-07-20T05:24:57.000000Z,,30.788186,1496.0,['Abnormal'],1edf8407ffa9eaabb4379d82410f02d1,"mov,mp4,m4a,3gp,3g2,mj2",petrol,Mazda,2017.0,107845.0,Mazda3,SMU5743S,2022-07-20 13:24:56,https://carro-ds-acoustic-data.s3.ap-southeast-1.amazonaws.com/sounds/Mazda-SMU5743S-Abnormal-13-24-56-7-20-2022.m4a,,fltp,44100.0,Engine Block,Workshop,Sedan 1.5 At Eu6,automatic,2022-07-30 11:19:17.475000
1.0,aac,audio,10.0,indonesia,2022-07-20T03:14:39.000000Z,,23.097229,,['Normal'],1eb7cefcea3c5f3e003f273e4e63832f,"mov,mp4,m4a,3gp,3g2,mj2",petrol,Nissan ,,,Teana,B1283NAC,2022-07-20 10:14:40,https://carro-ds-acoustic-data.s3.ap-southeast-1.amazonaws.com/videos/Nissan -B1283NAC-Normal-10-14-40-7-20-2022.mp4,,fltp,48000.0,No Abnormal Sounds,Workshop,null,null,2022-07-29 11:19:17.225000
,,,,indonesia,,,,,['Normal'],,,petrol,MITSUBISHI,,,OUTLANDER,F1526EZ,2022-07-20 10:37:16,https://carro-ds-acoustic-data.s3.ap-southeast-1.amazonaws.com/MITSUBISHI-F1526EZ-Normal-10-37-16-7-20-2022.m4a,,,,No Abnormal Sounds,Workshop,null,null,2022-07-29 11:19:17.297000
,,,,indonesia,,,,,['Normal'],,,,MAZDA,,,2,B2313JBB,2022-08-01 14:05:36,https://carro-ds-acoustic-data.s3.ap-southeast-1.amazonaws.com/MAZDA-B2313JBB-Normal-14-5-36-8-1-2022.m4a,,,,No Abnormal Sounds,Workshop,null,null,2022-08-04 11:19:18.340000
,,,,singapore,,,,1197.0,['Normal'],,,petrol,Nissan,2015.0,84907.0,Qashqai,SKX2185E,2022-07-20 12:54:39,https://carro-ds-acoustic-data.s3.ap-southeast-1.amazonaws.com/sounds/Nissan-SKX2185E-Normal-12-54-39-7-20-2022.m4a,,,,No Abnormal Sounds,Workshop,1.2 Dig-t Cvt Abs 2wd 5dr,automatic,2022-07-30 11:19:17.209000
1.0,aac,audio,10.0,indonesia,2022-07-13T05:19:53.000000Z,10.0,30.02625,,['Normal'],a1c28a41b3c8c71b4fc25fc943f4dcb9,"mov,mp4,m4a,3gp,3g2,mj2",petrol,DAIHATSU,,,Sigra 1.2 R,B2902SYC,2022-07-13 12:19:55,https://carro-ds-acoustic-data.s3.ap-southeast-1.amazonaws.com/videos/DAIHATSU-B2902SYC-Normal-12-19-55-7-13-2022.mp4,https://ds-acoustic-audioset.s3.ap-southeast-1.amazonaws.com/workshop-10s-audio/DAIHATSU-B2902SYC-Normal-12-19-55-7-13-2022.mp4_20220713155034.092569.wav,fltp,48000.0,No Abnormal Sounds,Workshop,null,null,2022-07-23 11:19:16.888000
2.0,aac,audio,11.0,singapore,2022-07-13T04:24:07.000000Z,10.0,30.439887,,['Normal'],fcefeb41bedb104629932f56f8f4ba0b,"mov,mp4,m4a,3gp,3g2,mj2",petrol,Volkswagen,,,Scirocco,SLS710S,2022-07-13 12:24:06,https://carro-ds-acoustic-data.s3.ap-southeast-1.amazonaws.com/sounds/Volkswagen-SLS710S-Normal-12-24-6-7-13-2022.m4a,https://ds-acoustic-audioset.s3.ap-southeast-1.amazonaws.com/workshop-10s-audio/Volkswagen-SLS710S-Normal-12-24-6-7-13-2022.m4a_20220713215027.252067.wav,fltp,44100.0,No Abnormal Sounds,Workshop,undefined,undefined,2022-07-23 11:19:16.996000
2.0,aac,audio,12.0,singapore,2022-07-27T05:08:12.000000Z,10.0,30.62712,,['Abnormal'],2657f5d93c1cf8c353f2622933a4c4a4,"mov,mp4,m4a,3gp,3g2,mj2",petrol,Honda,,,Civic,SNG2410J,2022-07-27 13:08:12,https://carro-ds-acoustic-data.s3.ap-southeast-1.amazonaws.com/sounds/Honda-SNG2410J-Abnormal-13-8-12-7-27-2022.m4a,https://ds-acoustic-audioset.s3.ap-southeast-1.amazonaws.com/workshop-10s-audio/Honda-SNG2410J-Abnormal-13-8-12-7-27-2022.m4a_20220727215036.987424.wav,fltp,44100.0,Engine Block,Workshop,null,null,2022-08-04 11:19:17.865000
1.0,aac,audio,10.0,indonesia,2022-07-23T04:41:50.000000Z,10.0,30.037333,,['Normal'],6998b465fb8629ff9f9b620ccce88499,"mov,mp4,m4a,3gp,3g2,mj2",petrol,Daihatsu,,,Ayla 1.2 R,B2338KOH,2022-07-23 11:41:52,https://carro-ds-acoustic-data.s3.ap-southeast-1.amazonaws.com/videos/Daihatsu-B2338KOH-Normal-11-41-52-7-23-2022.mp4,https://ds-acoustic-audioset.s3.ap-southeast-1.amazonaws.com/workshop-10s-audio/Daihatsu-B2338KOH-Normal-11-41-52-7-23-2022.mp4_20220724095038.128330.wav,fltp,48000.0,No Abnormal Sounds,Workshop,null,null,2022-08-02 11:19:16.688000
2.0,aac,audio,11.0,singapore,2022-07-13T04:37:01.000000Z,10.0,31.043605,,['Normal'],98bccc8d3f1a017e0216368d277f1519,"mov,mp4,m4a,3gp,3g2,mj2",petrol,Honda,,,Stream,SJD4929E,2022-07-13 12:37:01,https://carro-ds-acoustic-data.s3.ap-southeast-1.amazonaws.com/sounds/Honda-SJD4929E-Normal-12-37-1-7-13-2022.m4a,https://ds-acoustic-audioset.s3.ap-southeast-1.amazonaws.com/workshop-10s-audio/Honda-SJD4929E-Normal-12-37-1-7-13-2022.m4a_20220713215029.839041.wav,fltp,44100.0,No Abnormal Sounds,Workshop,null,null,2022-07-23 11:19:17.140000
1.0,aac,audio,10.0,indonesia,2022-07-13T09:07:37.000000Z,10.0,20.885333,,['Abnormal'],f317cd6f3cc78c9465825f98ebbf3f11,"mov,mp4,m4a,3gp,3g2,mj2",petrol,Honda,,,Mobilio,B1966UVL,2022-07-13 16:07:38,https://carro-ds-acoustic-data.s3.ap-southeast-1.amazonaws.com/videos/Honda-B1966UVL-Abnormal-16-7-38-7-13-2022.mp4,https://ds-acoustic-audioset.s3.ap-southeast-1.amazonaws.com/workshop-10s-audio/Honda-B1966UVL-Abnormal-16-7-38-7-13-2022.mp4_20220713155201.634563.wav,fltp,48000.0,"Suara ngelitik, metal jalan/metal duduk",Workshop,null,null,2022-07-23 11:19:18.017000
2.0,aac,audio,11.0,singapore,2022-07-13T05:13:37.000000Z,10.0,30.788186,,['Normal'],0be0363512535efb35373ecbc70efdab,"mov,mp4,m4a,3gp,3g2,mj2",petrol,Audi,,,A5,SJW6057H,2022-07-13 13:13:37,https://carro-ds-acoustic-data.s3.ap-southeast-1.amazonaws.com/sounds/Audi-SJW6057H-Normal-13-13-37-7-13-2022.m4a,https://ds-acoustic-audioset.s3.ap-southeast-1.amazonaws.com/workshop-10s-audio/Audi-SJW6057H-Normal-13-13-37-7-13-2022.m4a_20220713155125.832307.wav,fltp,44100.0,No Abnormal Sounds,Workshop,null,null,2022-07-23 11:19:17.674000
,,,,indonesia,,,,,['Normal'],,,bensin,DAIHATSU ,,,SIGRA,B1258VMU,2022-07-20 12:59:42,https://carro-ds-acoustic-data.s3.ap-southeast-1.amazonaws.com/DAIHATSU -B1258VMU-Normal-12-59-42-7-20-2022.m4a,,,,No Abnormal Sounds,Workshop,null,null,2022-07-30 11:19:17.267000
2.0,aac,audio,12.0,singapore,2022-07-20T05:17:48.000000Z,,30.62712,1796.0,['Normal'],b69c27c7206b4a162cebcb5c6323f1f3,"mov,mp4,m4a,3gp,3g2,mj2",petrol,Mercedes-Benz,2009.0,149980.0,E250,SMD2651H,2022-07-20 13:17:47,https://carro-ds-acoustic-data.s3.ap-southeast-1.amazonaws.com/sounds/Mercedes-Benz-SMD2651H-Normal-13-17-47-7-20-2022.m4a,,fltp,44100.0,No Abnormal Sounds,Workshop,Cgi A,automatic,2022-07-30 11:19:17.409000
,,,,indonesia,,,,,['Normal'],,,petrol,SUZUKI,,,BALENO,B2783SYK,2022-07-20 17:13:39,https://carro-ds-acoustic-data.s3.ap-southeast-1.amazonaws.com/SUZUKI-B2783SYK-Normal-17-13-39-7-20-2022.m4a,,,,No Abnormal Sounds,Workshop,null,null,2022-07-30 11:19:17.665000
2.0,aac,audio,11.0,singapore,2022-07-13T05:25:32.000000Z,10.0,31.786531,,['Normal'],39ef92b52f762d7ad0ce566b6f4ba147,"mov,mp4,m4a,3gp,3g2,mj2",,Volkswagen ,,,GOLF GTI,SKG1233S,2022-07-13 13:25:32,https://carro-ds-acoustic-data.s3.ap-southeast-1.amazonaws.com/sounds/Volkswagen -SKG1233S-Normal-13-25-32-7-13-2022.m4a,https://ds-acoustic-audioset.s3.ap-southeast-1.amazonaws.com/workshop-10s-audio/Volkswagen -SKG1233S-Normal-13-25-32-7-13-2022.m4a_20220713155156.501013.wav,fltp,44100.0,No Abnormal Sounds,Workshop,null,null,2022-07-23 11:19:17.857000
1.0,aac,audio,10.0,indonesia,2022-07-29T08:56:49.000000Z,10.0,23.786771,,['Normal'],a070b3b0f6fc7a056d12c65d0c05441a,"mov,mp4,m4a,3gp,3g2,mj2",,TOYOTA,,,Avanza 1.3 G,B1128CUF,2022-07-29 15:56:50,https://carro-ds-acoustic-data.s3.ap-southeast-1.amazonaws.com/videos/TOYOTA-B1128CUF-Normal-15-56-50-7-29-2022.mp4,https://ds-acoustic-audioset.s3.ap-southeast-1.amazonaws.com/workshop-10s-audio/TOYOTA-B1128CUF-Normal-15-56-50-7-29-2022.mp4_20220729215034.017997.wav,fltp,48000.0,No Abnormal Sounds,Workshop,null,null,2022-08-04 11:19:18.053000
1.0,aac,audio,10.0,indonesia,2022-07-14T04:40:53.000000Z,10.0,22.592813,,['Normal'],cc7b05f4df34a6d4c6c0de85c2632f12,"mov,mp4,m4a,3gp,3g2,mj2",petrol,Honda,,,Hrv,B2245KOF,2022-07-14 11:40:54,https://carro-ds-acoustic-data.s3.ap-southeast-1.amazonaws.com/videos/Honda-B2245KOF-Normal-11-40-54-7-14-2022.mp4,https://ds-acoustic-audioset.s3.ap-southeast-1.amazonaws.com/workshop-10s-audio/Honda-B2245KOF-Normal-11-40-54-7-14-2022.mp4_20220714215035.895654.wav,fltp,48000.0,No Abnormal Sounds,Workshop,null,null,2022-07-24 11:19:16.557000
1.0,aac,audio,10.0,indonesia,2022-07-20T03:45:22.000000Z,,19.456,,['Normal'],6a3768dfa749f6d9ee9672f22e0fa017,"mov,mp4,m4a,3gp,3g2,mj2",petrol,Honda,,,Crv,B1520NJF,2022-07-20 10:45:23,https://carro-ds-acoustic-data.s3.ap-southeast-1.amazonaws.com/videos/Honda-B1520NJF-Normal-10-45-23-7-20-2022.mp4,,fltp,48000.0,No Abnormal Sounds,Workshop,null,null,2022-07-29 11:19:17.420000
1.0,aac,audio,10.0,indonesia,2022-07-22T04:44:02.000000Z,10.0,30.037333,,['Normal'],99454524b2e9621cd116c54946ff97db,"mov,mp4,m4a,3gp,3g2,mj2",petrol,Suzuki,,,Baleno 1.5,B1970SEN,2022-07-22 11:44:03,https://carro-ds-acoustic-data.s3.ap-southeast-1.amazonaws.com/videos/Suzuki-B1970SEN-Normal-11-44-3-7-22-2022.mp4,https://ds-acoustic-audioset.s3.ap-southeast-1.amazonaws.com/workshop-10s-audio/Suzuki-B1970SEN-Normal-11-44-3-7-22-2022.mp4_20220724095032.518223.wav,fltp,48000.0,No Abnormal Sounds,Workshop,null,null,2022-08-01 11:19:17.660000
1.0,aac,audio,10.0,indonesia,2022-07-21T03:07:18.000000Z,1.0,18.88,,['Normal'],a3031a420db00e8cbbb1735058a6e75f,"mov,mp4,m4a,3gp,3g2,mj2",petrol,Toyota,,,Kijang innova,B1096EYI,2022-07-21 10:07:21,https://carro-ds-acoustic-data.s3.ap-southeast-1.amazonaws.com/videos/Toyota-B1096EYI-Normal-10-7-21-7-21-2022.mp4,https://ds-acoustic-audioset.s3.ap-southeast-1.amazonaws.com/workshop-10s-audio/Toyota-B1096EYI-Normal-10-7-21-7-21-2022.mp4_20220722095036.865611.wav,fltp,48000.0,No Abnormal Sounds,Workshop,null,null,2022-07-30 11:19:17.793000
1.0,aac,audio,10.0,indonesia,2022-07-21T06:59:44.000000Z,10.0,18.719562,,['Normal'],1d63d192e85cd01e101910c9f34aef87,"mov,mp4,m4a,3gp,3g2,mj2",petrol,Toyota,,,Kijang innova,B1517WID,2022-07-21 13:59:46,https://carro-ds-acoustic-data.s3.ap-southeast-1.amazonaws.com/videos/Toyota-B1517WID-Normal-13-59-46-7-21-2022.mp4,https://ds-acoustic-audioset.s3.ap-southeast-1.amazonaws.com/workshop-10s-audio/Toyota-B1517WID-Normal-13-59-46-7-21-2022.mp4_20220723095026.609867.wav,fltp,48000.0,No Abnormal Sounds,Workshop,null,null,2022-07-31 11:19:17.115000
1.0,aac,audio,10.0,indonesia,2022-07-23T07:47:36.000000Z,10.0,20.309333,,['Normal'],90a1af44b6a344ea647baa2a8b197b45,"mov,mp4,m4a,3gp,3g2,mj2",petrol,Toyota,,,Kijang inova,B1644UFY,2022-07-23 14:47:38,https://carro-ds-acoustic-data.s3.ap-southeast-1.amazonaws.com/videos/Toyota-B1644UFY-Normal-14-47-38-7-23-2022.mp4,https://ds-acoustic-audioset.s3.ap-southeast-1.amazonaws.com/workshop-10s-audio/Toyota-B1644UFY-Normal-14-47-38-7-23-2022.mp4_20220724035028.463534.wav,fltp,48000.0,No Abnormal Sounds,Workshop,null,null,2022-08-02 11:19:16.856000
,,,,indonesia,,,,,['Normal'],,,,Toyota,,,Rush 1.5 S TRD,B2008BRO,2022-07-26 09:18:25,https://carro-ds-acoustic-data.s3.ap-southeast-1.amazonaws.com/videos/Toyota-B2008BRO-Normal-9-18-25-7-26-2022.mp4,,,,No Abnormal Sounds,Workshop,null,null,2022-08-04 11:19:16.993000
1.0,aac,audio,10.0,indonesia,2022-07-24T06:08:33.000000Z,10.0,20.138667,,['Normal'],98124abeeed6fdfe7de7de7173c774a7,"mov,mp4,m4a,3gp,3g2,mj2",petrol,Daihatsu,,,Ayla,B2818TZD,2022-07-24 13:08:34,https://carro-ds-acoustic-data.s3.ap-southeast-1.amazonaws.com/videos/Daihatsu-B2818TZD-Normal-13-8-34-7-24-2022.mp4,https://ds-acoustic-audioset.s3.ap-southeast-1.amazonaws.com/workshop-10s-audio/Daihatsu-B2818TZD-Normal-13-8-34-7-24-2022.mp4_20220724155028.316417.wav,fltp,48000.0,No Abnormal Sounds,Workshop,null,null,2022-08-03 11:19:16.753000
2.0,aac,audio,11.0,singapore,2022-07-21T09:09:51.000000Z,3.0,3.227438,,['Normal'],4b0df3989d26560da0e5786f73e28cdd,"mov,mp4,m4a,3gp,3g2,mj2",cng,Tes,,,null,TEST,2022-07-21 17:09:51,https://carro-ds-acoustic-data.s3.ap-southeast-1.amazonaws.com/sounds/Tes-TesT-Normal-17-9-51-7-21-2022.m4a,https://ds-acoustic-audioset.s3.ap-southeast-1.amazonaws.com/workshop-10s-audio/Tes-TesT-Normal-17-9-51-7-21-2022.m4a_20220722035012.906621.wav,fltp,44100.0,No Abnormal Sounds,Workshop,null,null,2022-07-31 11:19:17.324000
,,,,indonesia,,,,,['Normal'],,,petrol,SUZUKI,,,ERTIGA,F1883AAG,2022-07-30 15:49:47,https://carro-ds-acoustic-data.s3.ap-southeast-1.amazonaws.com/SUZUKI-F1883AAG-Normal-15-49-47-7-30-2022.m4a,,,,No Abnormal Sounds,Workshop,null,null,2022-08-04 11:19:18.274000
,,,,singapore,,,,,['Normal'],,,,BMW,,,X6,DD472BP,2022-07-28 14:08:42,https://carro-ds-acoustic-data.s3.ap-southeast-1.amazonaws.com/BMW-DD472BP-Normal-14-8-42-7-28-2022.m4a,,,,No Abnormal Sounds,Workshop,null,null,2022-08-04 11:19:17.929000
,,,,indonesia,,,,,['Normal'],,,petrol,HONDA,,,HRV,F1676BM,2022-07-19 12:54:13,https://carro-ds-acoustic-data.s3.ap-southeast-1.amazonaws.com/HONDA-F1676BM-Normal-12-54-13-7-19-2022.m4a,,,,No Abnormal Sounds,Workshop,null,null,2022-07-29 11:19:17.031000
,,,,indonesia,,,,,['Normal'],,,petrol,Toyota,,,Vios ,B1920EEF,2022-07-12 12:57:39,https://carro-ds-acoustic-data.s3.ap-southeast-1.amazonaws.com/Toyota-B1920EEF-Normal-12-57-39-7-12-2022.m4a,,,,No Abnormal Sounds,Workshop,null,null,2022-07-22 11:19:16.635000
,,,,indonesia,,,,,['Normal'],,,petrol,Toyota,,,Kijang innova 2.0 G,B1890PRK,2022-07-14 13:22:19,https://carro-ds-acoustic-data.s3.ap-southeast-1.amazonaws.com/videos/Toyota-B1890PRK-Normal-13-22-19-7-14-2022.mp4,,,,No Abnormal Sounds,Workshop,null,null,2022-07-24 11:19:16.836000
,,,,indonesia,,,,,['Normal'],,,petrol,DAIHATSU,,,AYLA,F1497JE,2022-07-14 11:54:41,https://carro-ds-acoustic-data.s3.ap-southeast-1.amazonaws.com/DAIHATSU-F1497JE-Normal-11-54-41-7-14-2022.m4a,,,,No Abnormal Sounds,Workshop,null,null,2022-07-24 11:19:16.601000
2.0,aac,audio,11.0,singapore,2022-07-13T04:38:48.000000Z,10.0,31.623991,,['Abnormal'],813edc1be867dc02f721c784b0e8c894,"mov,mp4,m4a,3gp,3g2,mj2",petrol,Honda,,,Stream,SJD4929E,2022-07-13 12:38:48,https://carro-ds-acoustic-data.s3.ap-southeast-1.amazonaws.com/sounds/Honda-SJD4929E-Abnormal-12-38-48-7-13-2022.m4a,https://ds-acoustic-audioset.s3.ap-southeast-1.amazonaws.com/workshop-10s-audio/Honda-SJD4929E-Abnormal-12-38-48-7-13-2022.m4a_20220713215024.717364.wav,fltp,44100.0,Engine Block,Workshop,null,null,2022-07-23 11:19:17.199000
,,,,indonesia,,,,,['Normal'],,,petrol,HONDA ,,,HRV,F1663JR,2022-07-31 10:12:40,https://carro-ds-acoustic-data.s3.ap-southeast-1.amazonaws.com/HONDA -F1663JR-Normal-10-12-40-7-31-2022.m4a,,,,No Abnormal Sounds,Workshop,null,null,2022-08-04 11:19:18.306000
,,,,indonesia,,,,,['Normal'],,,petrol,SIZUKI,,,AERIO,F1682BH,2022-07-29 14:36:15,https://carro-ds-acoustic-data.s3.ap-southeast-1.amazonaws.com/SIZUKI-F1682BH-Normal-14-36-15-7-29-2022.m4a,,,,No Abnormal Sounds,Workshop,null,null,2022-08-04 11:19:17.992000
,,,,indonesia,,,,,['Normal'],,,,MITSUBISHI,,,xpander,A1812ZW,2022-07-21 14:55:41,https://carro-ds-acoustic-data.s3.ap-southeast-1.amazonaws.com/MITSUBISHI-A1812ZW-Normal-14-55-41-7-21-2022.m4a,,,,No Abnormal Sounds,Workshop,null,null,2022-07-31 11:19:17.146000
,,,,indonesia,,,,,['Abnormal'],,,petrol,Toyota,,,Yaris 1.5 J,B1225FFA,2022-07-16 15:48:48,https://carro-ds-acoustic-data.s3.ap-southeast-1.amazonaws.com/videos/Toyota-B1225FFA-Abnormal-15-48-48-7-16-2022.mp4,,,,,Workshop,null,null,2022-07-26 11:19:17.093000
,,,,indonesia,,,,,['Normal'],,,petrol,SUZUKI,,,ERTIGA,F1311RH,2022-07-16 14:30:52,https://carro-ds-acoustic-data.s3.ap-southeast-1.amazonaws.com/SUZUKI-F1311RH-Normal-14-30-52-7-16-2022.m4a,,,,No Abnormal Sounds,Workshop,null,null,2022-07-26 11:19:16.987000
,,,,indonesia,,,,,['Abnormal'],,,petrol,Toyota,,,Camry 2.5 G,B1022KBH,2022-07-20 10:39:28,https://carro-ds-acoustic-data.s3.ap-southeast-1.amazonaws.com/Toyota-B1022KBH-Abnormal-10-39-28-7-20-2022.m4a,,,,Pulleys/Bearings,Workshop,null,null,2022-07-29 11:19:17.359000
,,,,indonesia,,,,,['Abnormal'],,,petrol,Toyota,,,Calya G,B2091UFL,2022-07-20 14:08:17,https://carro-ds-acoustic-data.s3.ap-southeast-1.amazonaws.com/Toyota-B2091UFL-Abnormal-14-8-17-7-20-2022.m4a,,,,Pulleys/Bearings,Workshop,null,null,2022-07-30 11:19:17.631000
,,,,indonesia,,,,,['Normal'],,,petrol,HONDA ,,,HRV,F1649BJ,2022-07-21 16:31:52,https://carro-ds-acoustic-data.s3.ap-southeast-1.amazonaws.com/HONDA -F1649BJ-Normal-16-31-52-7-21-2022.m4a,,,,No Abnormal Sounds,Workshop,null,null,2022-07-31 11:19:17.203000
,,,,singapore,,,,,['Normal'],,,,MITSUBISHI,,,OUTLANDER,B810VP,2022-07-25 13:30:28,https://carro-ds-acoustic-data.s3.ap-southeast-1.amazonaws.com/MITSUBISHI-B810VP-Normal-13-30-28-7-25-2022.m4a,,,,No Abnormal Sounds,Workshop,null,null,2022-08-04 11:19:16.927000
,,,,indonesia,,,,,['Normal'],,,petrol,FORD,,,FIESTA,B2421WBC,2022-07-22 13:25:58,https://carro-ds-acoustic-data.s3.ap-southeast-1.amazonaws.com/FORD-B2421WBC-Normal-13-25-58-7-22-2022.m4a,,,,No Abnormal Sounds,Workshop,null,null,2022-08-01 11:19:17.698000
1.0,aac,audio,10.0,indonesia,2022-07-23T03:52:26.000000Z,10.0,29.994667,,['Normal'],862e36fcc1906ec111399cad1f743699,"mov,mp4,m4a,3gp,3g2,mj2",bensin,Bmw,,,X5 XDRIVE 3.0,B1361BJP,2022-07-23 10:52:28,https://carro-ds-acoustic-data.s3.ap-southeast-1.amazonaws.com/videos/Bmw-B1361BJP-Normal-10-52-28-7-23-2022.mp4,https://ds-acoustic-audioset.s3.ap-southeast-1.amazonaws.com/workshop-10s-audio/Bmw-B1361BJP-Normal-10-52-28-7-23-2022.mp4_20220724035038.013744.wav,fltp,48000.0,No Abnormal Sounds,Workshop,null,null,2022-08-01 11:19:17.891000
1.0,aac,audio,10.0,indonesia,2022-07-21T05:55:12.000000Z,2.0,2.069333,,['Normal'],1a0d5e524d379991ab353b7d56c967dc,"mov,mp4,m4a,3gp,3g2,mj2",petrol,Honda,,,Civic 1.8 fd1,B2713XO,2022-07-21 12:55:18,https://carro-ds-acoustic-data.s3.ap-southeast-1.amazonaws.com/videos/Honda-B2713XO-Normal-12-55-18-7-21-2022.mp4,https://ds-acoustic-audioset.s3.ap-southeast-1.amazonaws.com/workshop-10s-audio/Honda-B2713XO-Normal-12-55-18-7-21-2022.mp4_20220722035023.923586.wav,fltp,48000.0,No Abnormal Sounds,Workshop,null,null,2022-07-31 11:19:16.889000
1.0,aac,audio,10.0,indonesia,2022-07-21T05:03:43.000000Z,10.0,21.226667,,['Normal'],aaf07e34ffb34f50145c84194fc57da9,"mov,mp4,m4a,3gp,3g2,mj2",petrol,Toyota,,,Avanza,D1480AGI,2022-07-21 12:03:45,https://carro-ds-acoustic-data.s3.ap-southeast-1.amazonaws.com/videos/Toyota-D1480AGI-Normal-12-3-45-7-21-2022.mp4,https://ds-acoustic-audioset.s3.ap-southeast-1.amazonaws.com/workshop-10s-audio/Toyota-D1480AGI-Normal-12-3-45-7-21-2022.mp4_20220722095033.001063.wav,fltp,48000.0,No Abnormal Sounds,Workshop,null,null,2022-07-31 11:19:16.850000
1.0,aac,audio,10.0,indonesia,2022-07-22T03:55:31.000000Z,,24.049542,,['Normal'],5096dfaf39653aba5e9347ae9b440f63,"mov,mp4,m4a,3gp,3g2,mj2",petrol,Chevrolet,,,Trax,B2494KMG,2022-07-22 10:55:32,https://carro-ds-acoustic-data.s3.ap-southeast-1.amazonaws.com/videos/Chevrolet-B2494KMG-Normal-10-55-32-7-22-2022.mp4,,fltp,48000.0,No Abnormal Sounds,Workshop,null,null,2022-07-31 11:19:17.412000
1.0,aac,audio,10.0,indonesia,2022-07-23T03:51:05.000000Z,10.0,22.016,,['Normal'],e47eefc9a3b0e9b2ffbb633f2768bfb1,"mov,mp4,m4a,3gp,3g2,mj2",petrol,Toyota,,,Yaris,B1722KOP,2022-07-23 10:51:07,https://carro-ds-acoustic-data.s3.ap-southeast-1.amazonaws.com/videos/Toyota-B1722KOP-Normal-10-51-7-7-23-2022.mp4,https://ds-acoustic-audioset.s3.ap-southeast-1.amazonaws.com/workshop-10s-audio/Toyota-B1722KOP-Normal-10-51-7-7-23-2022.mp4_20220724095027.012995.wav,fltp,48000.0,No Abnormal Sounds,Workshop,null,null,2022-08-01 11:19:17.858000
,,,,indonesia,,,,,['Normal'],,,bensin,HONDA,,,JAZZ,B2512SIR,2022-07-21 09:32:53,https://carro-ds-acoustic-data.s3.ap-southeast-1.amazonaws.com/HONDA-B2512SIR-Normal-9-32-53-7-21-2022.m4a,,,,No Abnormal Sounds,Workshop,null,null,2022-07-30 11:19:17.728000
,,,,indonesia,,,,,['Abnormal'],,,bensin,Toyota,,,Alphard V,A1679YW,2022-07-12 10:14:53,https://carro-ds-acoustic-data.s3.ap-southeast-1.amazonaws.com/Toyota-A1679YW-Abnormal-10-14-53-7-12-2022.m4a,,,,Pulleys/Bearings,Workshop,null,null,2022-07-21 11:19:18.179000
,,,,indonesia,,,,,['Abnormal'],,,petrol,Honda,,,City gds 1.5 idsi,B1819JRA,2022-07-12 11:21:38,https://carro-ds-acoustic-data.s3.ap-southeast-1.amazonaws.com/Honda-B1819JRA-Abnormal-11-21-38-7-12-2022.m4a,,,,,Workshop,null,null,2022-07-22 11:19:16.423000
2.0,aac,audio,11.0,singapore,2022-07-13T05:05:59.000000Z,10.0,31.623991,,['Abnormal'],77d91336aac52f527392f922dc97a850,"mov,mp4,m4a,3gp,3g2,mj2",petrol,Nissan,,,Qashqai,SNE8652Z,2022-07-13 13:05:59,https://carro-ds-acoustic-data.s3.ap-southeast-1.amazonaws.com/sounds/Nissan-SNE8652Z-Abnormal-13-5-59-7-13-2022.m4a,https://ds-acoustic-audioset.s3.ap-southeast-1.amazonaws.com/workshop-10s-audio/Nissan-SNE8652Z-Abnormal-13-5-59-7-13-2022.m4a_20220713155128.462889.wav,fltp,44100.0,Engine Block,Workshop,null,null,2022-07-23 11:19:17.583000
,,,,indonesia,,,,,['Normal'],,,petrol,DAIHATSU,,,AYLA,B1554ERA,2022-07-30 11:34:44,https://carro-ds-acoustic-data.s3.ap-southeast-1.amazonaws.com/DAIHATSU-B1554ERA-Normal-11-34-44-7-30-2022.m4a,,,,No Abnormal Sounds,Workshop,null,null,2022-08-04 11:19:18.213000
2.0,aac,audio,11.0,singapore,2022-07-13T04:58:11.000000Z,10.0,30.532766,,['Normal'],30bbcb96028189dd7433214c087a87d4,"mov,mp4,m4a,3gp,3g2,mj2",petrol,BMW,,,328I,SNF9884J,2022-07-13 12:58:11,https://carro-ds-acoustic-data.s3.ap-southeast-1.amazonaws.com/sounds/BMW-SNF9884J-Normal-12-58-11-7-13-2022.m4a,https://ds-acoustic-audioset.s3.ap-southeast-1.amazonaws.com/workshop-10s-audio/BMW-SNF9884J-Normal-12-58-11-7-13-2022.m4a_20220713155120.652323.wav,fltp,44100.0,No Abnormal Sounds,Workshop,null,null,2022-07-23 11:19:17.453000
,,,,indonesia,,,,,['Normal'],,,petrol,Toyota,,,Agya G,B1483CKJ,2022-07-13 14:09:58,https://carro-ds-acoustic-data.s3.ap-southeast-1.amazonaws.com/Toyota-B1483CKJ-Normal-14-9-58-7-13-2022.m4a,,,,No Abnormal Sounds,Workshop,null,null,2022-07-23 11:19:17.948000
,,,,indonesia,,,,,['Normal'],,,bensin,Toyota,,,Avanza 1.5 S,B1812BOM,2022-07-12 10:31:44,https://carro-ds-acoustic-data.s3.ap-southeast-1.amazonaws.com/Toyota-B1812BOM-Normal-10-31-44-7-12-2022.m4a,,,,No Abnormal Sounds,Workshop,null,null,2022-07-21 11:19:18.270000
,,,,indonesia,,,,,['Normal'],,,petrol,SUZUKI,,,SPLASH,B1257EVL,2022-07-11 12:49:36,https://carro-ds-acoustic-data.s3.ap-southeast-1.amazonaws.com/SUZUKI-B1257EVL-Normal-12-49-36-7-11-2022.m4a,,,,No Abnormal Sounds,Workshop,null,null,2022-07-21 11:19:17.893000
,,,,indonesia,,,,,['Normal'],,,petrol,Wuling,,,Cortez Turbo,A1058VP,2022-07-12 11:58:53,https://carro-ds-acoustic-data.s3.ap-southeast-1.amazonaws.com/Wuling-A1058VP-Normal-11-58-53-7-12-2022.m4a,,,,No Abnormal Sounds,Workshop,null,null,2022-07-22 11:19:16.493000
,,,,indonesia,,,,,['Normal'],,,petrol,TOYOTA ,,,RUSH,F1707RV,2022-07-11 14:11:32,https://carro-ds-acoustic-data.s3.ap-southeast-1.amazonaws.com/TOYOTA -F1707RV-Normal-14-11-32-7-11-2022.m4a,,,,No Abnormal Sounds,Workshop,null,null,2022-07-21 11:19:17.943000
,,,,indonesia,,,,,['Normal'],,,petrol,Ford,,,Fiesta 1.6l S,B1024KOS,2022-07-13 11:27:59,https://carro-ds-acoustic-data.s3.ap-southeast-1.amazonaws.com/Ford-B1024KOS-Normal-11-27-59-7-13-2022.m4a,,,,No Abnormal Sounds,Workshop,null,null,2022-07-23 11:19:16.723000
,,,,indonesia,,,,,['Normal'],,,petrol,Suzuki,,,Ertiga GX,B1207TRB,2022-07-13 15:42:26,https://carro-ds-acoustic-data.s3.ap-southeast-1.amazonaws.com/Suzuki-B1207TRB-Normal-15-42-26-7-13-2022.m4a,,,,No Abnormal Sounds,Workshop,null,null,2022-07-23 11:19:17.984000
2.0,aac,audio,11.0,singapore,2022-07-20T05:15:47.000000Z,10.0,30.532766,1999.0,['Normal'],992bc16a09822a522ecb52689e4d277c,"mov,mp4,m4a,3gp,3g2,mj2",petrol,Mazda,2013.0,156402.0,Mazda5,SLS3190Y,2022-07-20 13:15:46,https://carro-ds-acoustic-data.s3.ap-southeast-1.amazonaws.com/sounds/Mazda-SLS3190Y-Normal-13-15-46-7-20-2022.m4a,https://ds-acoustic-audioset.s3.ap-southeast-1.amazonaws.com/workshop-10s-audio/Mazda-SLS3190Y-Normal-13-15-46-7-20-2022.m4a_20220721215031.857434.wav,fltp,44100.0,No Abnormal Sounds,Workshop,2.0l Sp 5eat Abs D/ab 2wd 5dr Sr,automatic,2022-07-30 11:19:17.384000
1.0,aac,audio,10.0,indonesia,2022-07-21T03:51:40.000000Z,,25.211792,,['Normal'],59734637691a53239741ee58e5db23ce,"mov,mp4,m4a,3gp,3g2,mj2",petrol,Toyota,,,Rush,B1681VOR,2022-07-21 10:51:42,https://carro-ds-acoustic-data.s3.ap-southeast-1.amazonaws.com/videos/Toyota-B1681VOR-Normal-10-51-42-7-21-2022.mp4,,fltp,48000.0,No Abnormal Sounds,Workshop,null,null,2022-07-30 11:19:17.832000
,,,,indonesia,,,,,['Normal'],,,petrol,TOYOTA ,,,AGYA,F1139RS,2022-07-30 11:08:15,https://carro-ds-acoustic-data.s3.ap-southeast-1.amazonaws.com/TOYOTA -F1139RS-Normal-11-8-15-7-30-2022.m4a,,,,No Abnormal Sounds,Workshop,null,null,2022-08-04 11:19:18.085000
1.0,aac,audio,10.0,indonesia,2022-07-20T04:36:28.000000Z,10.0,19.328,,['Normal'],a14056672d40a1379d09da5460b6bc01,"mov,mp4,m4a,3gp,3g2,mj2",petrol,Nissan,,,Xtrail 2.5,A1354YJ,2022-07-20 11:36:29,https://carro-ds-acoustic-data.s3.ap-southeast-1.amazonaws.com/videos/Nissan-A1354YJ-Normal-11-36-29-7-20-2022.mp4,https://ds-acoustic-audioset.s3.ap-southeast-1.amazonaws.com/workshop-10s-audio/Nissan-A1354YJ-Normal-11-36-29-7-20-2022.mp4_20220722035031.871639.wav,fltp,48000.0,No Abnormal Sounds,Workshop,null,null,2022-07-30 11:19:17.068000
,,,,indonesia,,,,,['Normal'],,,petrol,Toyota,,,Agya G TRD,F1686LY,2022-07-13 12:42:54,https://carro-ds-acoustic-data.s3.ap-southeast-1.amazonaws.com/Toyota-F1686LY-Normal-12-42-54-7-13-2022.m4a,,,,No Abnormal Sounds,Workshop,null,null,2022-07-23 11:19:17.314000
1.0,aac,audio,10.0,indonesia,2022-07-20T04:02:27.000000Z,,19.413333,,['Normal'],1a2973fe8ecb9dfc5baf8edc86d57413,"mov,mp4,m4a,3gp,3g2,mj2",petrol,Nissan,,,Serena,B1109NRL,2022-07-20 11:02:28,https://carro-ds-acoustic-data.s3.ap-southeast-1.amazonaws.com/videos/Nissan-B1109NRL-Normal-11-2-28-7-20-2022.mp4,,fltp,48000.0,No Abnormal Sounds,Workshop,null,null,2022-07-29 11:19:17.469000
,,,,indonesia,,,,,['Normal'],,,petrol,toyota ,,,fortuner,F1697AAC,2022-07-21 13:40:38,https://carro-ds-acoustic-data.s3.ap-southeast-1.amazonaws.com/toyota -F1697AAC-Normal-13-40-38-7-21-2022.m4a,,,,No Abnormal Sounds,Workshop,null,null,2022-07-31 11:19:17.055000
1.0,aac,audio,10.0,indonesia,2022-07-30T04:09:50.000000Z,10.0,28.906667,,['Normal'],98aaface668253bf169604d355040918,"mov,mp4,m4a,3gp,3g2,mj2",petrol,HYUNDAI,,,H-1 2.4,A1192HN,2022-07-30 11:09:52,https://carro-ds-acoustic-data.s3.ap-southeast-1.amazonaws.com/videos/HYUNDAI-A1192HN-Normal-11-9-52-7-30-2022.mp4,https://ds-acoustic-audioset.s3.ap-southeast-1.amazonaws.com/workshop-10s-audio/HYUNDAI-A1192HN-Normal-11-9-52-7-30-2022.mp4_20220731035031.052794.wav,fltp,48000.0,No Abnormal Sounds,Workshop,null,null,2022-08-04 11:19:18.172000
1.0,aac,audio,10.0,indonesia,2022-07-14T04:59:15.000000Z,10.0,30.019792,,['Abnormal'],66764e2aa4360ffa4ad2bdf68b7e64bf,"mov,mp4,m4a,3gp,3g2,mj2",,NISSAN,,,Grand livina 1.5 xv,B1989NYT,2022-07-14 11:59:16,https://carro-ds-acoustic-data.s3.ap-southeast-1.amazonaws.com/videos/NISSAN-B1989NYT-Abnormal-11-59-16-7-14-2022.mp4,https://ds-acoustic-audioset.s3.ap-southeast-1.amazonaws.com/workshop-10s-audio/NISSAN-B1989NYT-Abnormal-11-59-16-7-14-2022.mp4_20220714215040.090858.wav,fltp,48000.0,,Workshop,null,null,2022-07-24 11:19:16.673000
1.0,aac,audio,10.0,indonesia,2022-07-22T06:29:51.000000Z,,30.037333,,['Normal'],27bcdaa9cc4bdf14c0589f3bb22eec5c,"mov,mp4,m4a,3gp,3g2,mj2",petrol,Suzuki,,,Carry pickup 1.5 box CX ac+ps,A8399ZV,2022-07-22 13:29:52,https://carro-ds-acoustic-data.s3.ap-southeast-1.amazonaws.com/videos/Suzuki-A8399ZV-Normal-13-29-52-7-22-2022.mp4,,fltp,48000.0,No Abnormal Sounds,Workshop,null,null,2022-08-01 11:19:17.738000
,,,,indonesia,,,,,['Normal'],,,bensin,TOYOTA,,,RUSH S,B2437TYN,2022-07-12 12:06:20,https://carro-ds-acoustic-data.s3.ap-southeast-1.amazonaws.com/TOYOTA-B2437TYN-Normal-12-6-20-7-12-2022.m4a,,,,No Abnormal Sounds,Workshop,null,null,2022-07-22 11:19:16.569000
,,,,indonesia,,,,,['Abnormal'],,,petrol,Honda,,,Jazz RS,B1939BRM,2022-07-14 10:06:16,https://carro-ds-acoustic-data.s3.ap-southeast-1.amazonaws.com/Honda-B1939BRM-Abnormal-10-6-16-7-14-2022.m4a,,,,Pulleys/Bearings,Workshop,null,null,2022-07-23 11:19:18.069000
1.0,aac,audio,10.0,indonesia,2022-07-21T05:57:14.000000Z,10.0,14.174979,,['Normal'],12528c86489dca9a6749c30840b56386,"mov,mp4,m4a,3gp,3g2,mj2",petrol-electric,Suzuki,,,Karimun,B1758VKG,2022-07-21 12:57:15,https://carro-ds-acoustic-data.s3.ap-southeast-1.amazonaws.com/videos/Suzuki-B1758VKG-Normal-12-57-15-7-21-2022.mp4,https://ds-acoustic-audioset.s3.ap-southeast-1.amazonaws.com/workshop-10s-audio/Suzuki-B1758VKG-Normal-12-57-15-7-21-2022.mp4_20220723095022.896453.wav,fltp,48000.0,No Abnormal Sounds,Workshop,null,null,2022-07-31 11:19:16.983000
2.0,aac,audio,11.0,singapore,2022-07-13T04:21:58.000000Z,10.0,32.552789,,['Normal'],f37bb888ac24b7a52ec8a588043f9bca,"mov,mp4,m4a,3gp,3g2,mj2",petrol,Audi,,,A3,SMC3301S,2022-07-13 12:21:58,https://carro-ds-acoustic-data.s3.ap-southeast-1.amazonaws.com/sounds/Audi-SMC3301S-Normal-12-21-58-7-13-2022.m4a,https://ds-acoustic-audioset.s3.ap-southeast-1.amazonaws.com/workshop-10s-audio/Audi-SMC3301S-Normal-12-21-58-7-13-2022.m4a_20220713155022.059502.wav,fltp,44100.0,No Abnormal Sounds,Workshop,undefined,undefined,2022-07-23 11:19:16.965000
1.0,aac,audio,10.0,indonesia,2022-07-13T04:04:17.000000Z,10.0,19.818667,,['Abnormal'],e31e0627911b80434ca9af2f593fa742,"mov,mp4,m4a,3gp,3g2,mj2",,Mitsubishi,,,Triton,B9033PBR,2022-07-13 11:04:19,https://carro-ds-acoustic-data.s3.ap-southeast-1.amazonaws.com/videos/Mitsubishi-B9033PBR-Abnormal-11-4-19-7-13-2022.mp4,https://ds-acoustic-audioset.s3.ap-southeast-1.amazonaws.com/workshop-10s-audio/Mitsubishi-B9033PBR-Abnormal-11-4-19-7-13-2022.mp4_20220713155038.647177.wav,fltp,48000.0,"Suara kasar, boshpump/timing belt",Workshop,null,null,2022-07-22 11:19:16.866000
1.0,aac,audio,10.0,indonesia,2022-07-20T02:54:10.000000Z,10.0,22.442667,,['Normal'],be335622199e7fe242a167c9989b6bc1,"mov,mp4,m4a,3gp,3g2,mj2",petrol,Honda ,,,Crv,B1611NJF,2022-07-20 09:54:12,https://carro-ds-acoustic-data.s3.ap-southeast-1.amazonaws.com/videos/Honda -B1611NJF-Normal-9-54-12-7-20-2022.mp4,https://ds-acoustic-audioset.s3.ap-southeast-1.amazonaws.com/workshop-10s-audio/Honda -B1611NJF-Normal-9-54-12-7-20-2022.mp4_20220721035034.297979.wav,fltp,48000.0,No Abnormal Sounds,Workshop,null,null,2022-07-29 11:19:17.154000
1.0,aac,audio,10.0,indonesia,2022-07-18T03:20:44.000000Z,10.0,30.026104,,['Normal'],544e632942bb5e7521482f6e5206ace2,"mov,mp4,m4a,3gp,3g2,mj2",petrol,B2580SYT,,,Calya 1.2 E,B2580SYT,2022-07-18 10:20:46,https://carro-ds-acoustic-data.s3.ap-southeast-1.amazonaws.com/videos/B2580SYT-B2580SYT-Normal-10-20-46-7-18-2022.mp4,https://ds-acoustic-audioset.s3.ap-southeast-1.amazonaws.com/workshop-10s-audio/B2580SYT-B2580SYT-Normal-10-20-46-7-18-2022.mp4_20220718155033.750840.wav,fltp,48000.0,No Abnormal Sounds,Workshop,null,null,2022-07-27 11:19:16.792000
2.0,aac,audio,11.0,singapore,2022-07-27T04:37:49.000000Z,10.0,30.834626,,['Normal'],edcbb67cf56692bb4aade001115270bd,"mov,mp4,m4a,3gp,3g2,mj2",petrol,Citroen,,,C3 AIRCROSS FEEL,SMP3936S,2022-07-27 12:37:49,https://carro-ds-acoustic-data.s3.ap-southeast-1.amazonaws.com/sounds/Citroen-SMP3936S-Normal-12-37-49-7-27-2022.m4a,https://ds-acoustic-audioset.s3.ap-southeast-1.amazonaws.com/workshop-10s-audio/Citroen-SMP3936S-Normal-12-37-49-7-27-2022.m4a_20220728035029.305953.wav,fltp,44100.0,No Abnormal Sounds,Workshop,null,null,2022-08-04 11:19:17.317000
2.0,aac,audio,12.0,singapore,2022-07-27T05:36:14.000000Z,10.0,30.55746,,['Normal'],60d130ef171a347eab5af0873941ca8a,"mov,mp4,m4a,3gp,3g2,mj2",petrol,Mini,,,Cooper,SJY5800A,2022-07-27 13:36:14,https://carro-ds-acoustic-data.s3.ap-southeast-1.amazonaws.com/sounds/Mini-SJY5800A-Normal-13-36-14-7-27-2022.m4a,https://ds-acoustic-audioset.s3.ap-southeast-1.amazonaws.com/workshop-10s-audio/Mini-SJY5800A-Normal-13-36-14-7-27-2022.m4a_20220728035033.509272.wav,fltp,44100.0,No Abnormal Sounds,Workshop,null,null,2022-08-04 11:19:17.903000
2.0,aac,audio,11.0,singapore,2022-07-13T05:02:47.000000Z,10.0,30.718526,,['Normal'],ad37576ee86f66bb2ef0b629244a591e,"mov,mp4,m4a,3gp,3g2,mj2",petrol,Nissan,,,Qashqai,SNE8652Z,2022-07-13 13:02:47,https://carro-ds-acoustic-data.s3.ap-southeast-1.amazonaws.com/sounds/Nissan-SNE8652Z-Normal-13-2-47-7-13-2022.m4a,https://ds-acoustic-audioset.s3.ap-southeast-1.amazonaws.com/workshop-10s-audio/Nissan-SNE8652Z-Normal-13-2-47-7-13-2022.m4a_20220713155123.222628.wav,fltp,44100.0,No Abnormal Sounds,Workshop,null,null,2022-07-23 11:19:17.534000
1.0,aac,audio,10.0,indonesia,2022-07-22T03:12:52.000000Z,10.0,21.141333,,['Normal'],35fef467c7a5bd597bcf61ae37dfe3dc,"mov,mp4,m4a,3gp,3g2,mj2",petrol,Bmw,,,X3,D1199AHO,2022-07-22 10:12:53,https://carro-ds-acoustic-data.s3.ap-southeast-1.amazonaws.com/videos/Bmw-D1199AHO-Normal-10-12-53-7-22-2022.mp4,https://ds-acoustic-audioset.s3.ap-southeast-1.amazonaws.com/workshop-10s-audio/Bmw-D1199AHO-Normal-10-12-53-7-22-2022.mp4_20220724035032.505001.wav,fltp,48000.0,No Abnormal Sounds,Workshop,null,null,2022-07-31 11:19:17.361000
1.0,aac,audio,10.0,indonesia,2022-07-19T06:15:44.000000Z,10.0,28.906667,,['Normal'],64c15670cc54a7abe38afe082590c9d2,"mov,mp4,m4a,3gp,3g2,mj2",petrol,Toyota,,,1.5 S TRD,B1882COM,2022-07-19 13:15:45,https://carro-ds-acoustic-data.s3.ap-southeast-1.amazonaws.com/videos/Toyota-B1882COM-Normal-13-15-45-7-19-2022.mp4,https://ds-acoustic-audioset.s3.ap-southeast-1.amazonaws.com/workshop-10s-audio/Toyota-B1882COM-Normal-13-15-45-7-19-2022.mp4_20220719155031.761092.wav,fltp,48000.0,No Abnormal Sounds,Workshop,null,null,2022-07-29 11:19:17.113000
,,,,indonesia,,,,,['Normal'],,,petrol,SUZUKI,,,XL7,B1912WYH,2022-07-24 11:27:22,https://carro-ds-acoustic-data.s3.ap-southeast-1.amazonaws.com/SUZUKI-B1912WYH-Normal-11-27-22-7-24-2022.m4a,,,,No Abnormal Sounds,Workshop,null,null,2022-08-03 11:19:16.656000
1.0,aac,audio,10.0,indonesia,2022-07-21T06:23:25.000000Z,,29.994667,,['Normal'],ec1f9ad36429ec33941493afdbd373a6,"mov,mp4,m4a,3gp,3g2,mj2",bensin,Honda,,,Crv 2.4 re1,B1823CLS,2022-07-21 13:23:31,https://carro-ds-acoustic-data.s3.ap-southeast-1.amazonaws.com/videos/Honda-B1823CLS-Normal-13-23-31-7-21-2022.mp4,,fltp,48000.0,No Abnormal Sounds,Workshop,null,null,2022-07-31 11:19:17.018000
1.0,aac,audio,10.0,indonesia,2022-07-13T06:02:38.000000Z,10.0,19.52,,['Normal'],fb4cf53c74bc773ba8795f5addce6f2d,"mov,mp4,m4a,3gp,3g2,mj2",petrol,Toyota,,,Agya 1.2 G TRD,B2504PFG,2022-07-13 13:02:39,https://carro-ds-acoustic-data.s3.ap-southeast-1.amazonaws.com/videos/Toyota-B2504PFG-Normal-13-2-39-7-13-2022.mp4,https://ds-acoustic-audioset.s3.ap-southeast-1.amazonaws.com/workshop-10s-audio/Toyota-B2504PFG-Normal-13-2-39-7-13-2022.mp4_20220713155118.138849.wav,fltp,48000.0,No Abnormal Sounds,Workshop,null,null,2022-07-23 11:19:17.491000
1.0,aac,audio,10.0,indonesia,2022-07-14T05:30:22.000000Z,10.0,21.700208,,['Normal'],252d4f23a13e512fd5a55961038ca37b,"mov,mp4,m4a,3gp,3g2,mj2",petrol,Daihatsu,,,Sigra,F1669RD,2022-07-14 12:30:24,https://carro-ds-acoustic-data.s3.ap-southeast-1.amazonaws.com/videos/Daihatsu-F1669RD-Normal-12-30-24-7-14-2022.mp4,https://ds-acoustic-audioset.s3.ap-southeast-1.amazonaws.com/workshop-10s-audio/Daihatsu-F1669RD-Normal-12-30-24-7-14-2022.mp4_20220714215027.596526.wav,fltp,48000.0,No Abnormal Sounds,Workshop,null,null,2022-07-24 11:19:16.801000
1.0,aac,audio,10.0,indonesia,2022-07-14T06:44:09.000000Z,10.0,22.229333,,['Normal'],9c29792cdc7b83c0adc1feb4c967b007,"mov,mp4,m4a,3gp,3g2,mj2",petrol,Toyota,,,Kijang inova,B1419NZL,2022-07-14 13:44:13,https://carro-ds-acoustic-data.s3.ap-southeast-1.amazonaws.com/videos/Toyota-B1419NZL-Normal-13-44-13-7-14-2022.mp4,https://ds-acoustic-audioset.s3.ap-southeast-1.amazonaws.com/workshop-10s-audio/Toyota-B1419NZL-Normal-13-44-13-7-14-2022.mp4_20220714215024.445353.wav,fltp,48000.0,No Abnormal Sounds,Workshop,null,null,2022-07-24 11:19:16.892000
,,,,indonesia,,,,,['Normal'],,,petrol,Toyota,,,Calya G,B1652NOV,2022-07-14 11:01:21,https://carro-ds-acoustic-data.s3.ap-southeast-1.amazonaws.com/Toyota-B1652NOV-Normal-11-1-21-7-14-2022.m4a,,,,No Abnormal Sounds,Workshop,null,null,2022-07-23 11:19:18.151000
1.0,aac,audio,10.0,indonesia,2022-07-16T06:42:39.000000Z,10.0,30.016,,['Normal'],604777ae9df7e703f38c704ff1b5789e,"mov,mp4,m4a,3gp,3g2,mj2",diesel,Mitsubishi,,,Pajero sport 2.5 dakar,B2189CBA,2022-07-16 13:42:41,https://carro-ds-acoustic-data.s3.ap-southeast-1.amazonaws.com/videos/Mitsubishi-B2189CBA-Normal-13-42-41-7-16-2022.mp4,https://ds-acoustic-audioset.s3.ap-southeast-1.amazonaws.com/workshop-10s-audio/Mitsubishi-B2189CBA-Normal-13-42-41-7-16-2022.mp4_20220716155035.008375.wav,fltp,48000.0,No Abnormal Sounds,Workshop,null,null,2022-07-26 11:19:16.947000
1.0,aac,audio,10.0,indonesia,2022-07-14T07:09:02.000000Z,10.0,30.023396,,['Abnormal'],1b90e6d997789908e15c0707a3725bb1,"mov,mp4,m4a,3gp,3g2,mj2",petrol,Hyundai,,,Sonata 2.5,B8209KR,2022-07-14 14:09:04,https://carro-ds-acoustic-data.s3.ap-southeast-1.amazonaws.com/videos/Hyundai-B8209KR-Abnormal-14-9-4-7-14-2022.mp4,https://ds-acoustic-audioset.s3.ap-southeast-1.amazonaws.com/workshop-10s-audio/Hyundai-B8209KR-Abnormal-14-9-4-7-14-2022.mp4_20220714215031.705916.wav,fltp,48000.0,,Workshop,null,null,2022-07-24 11:19:16.924000
2.0,aac,audio,11.0,singapore,2022-07-13T05:15:03.000000Z,10.0,30.555986,1197.0,['Normal'],163591d346f9fe6a06036186056d7238,"mov,mp4,m4a,3gp,3g2,mj2",petrol,Seat,2016.0,99000.0,Leon,SLJ4243U,2022-07-13 13:15:03,https://carro-ds-acoustic-data.s3.ap-southeast-1.amazonaws.com/sounds/Seat-SLJ4243U-Normal-13-15-3-7-13-2022.m4a,https://ds-acoustic-audioset.s3.ap-southeast-1.amazonaws.com/workshop-10s-audio/Seat-SLJ4243U-Normal-13-15-3-7-13-2022.m4a_20220713155144.183344.wav,fltp,44100.0,No Abnormal Sounds,Workshop,5dr 1.2 Tsi 110 Style 7at,automatic,2022-07-23 11:19:17.728000
2.0,aac,audio,11.0,singapore,2022-07-13T05:20:14.000000Z,10.0,30.602426,,['Normal'],a7df80cf8fbcbfae700c101e263c8ebd,"mov,mp4,m4a,3gp,3g2,mj2",petrol,Volvo,,,V40,SKJ9329K,2022-07-13 13:20:14,https://carro-ds-acoustic-data.s3.ap-southeast-1.amazonaws.com/sounds/Volvo-SKJ9329K-Normal-13-20-14-7-13-2022.m4a,https://ds-acoustic-audioset.s3.ap-southeast-1.amazonaws.com/workshop-10s-audio/Volvo-SKJ9329K-Normal-13-20-14-7-13-2022.m4a_20220713155146.724676.wav,fltp,44100.0,No Abnormal Sounds,Workshop,null,null,2022-07-23 11:19:17.774000
2.0,aac,audio,11.0,singapore,2022-07-13T05:21:44.000000Z,10.0,30.509546,,['Normal'],a4a1de2fe0ebb883c03aa6e1173ad3e7,"mov,mp4,m4a,3gp,3g2,mj2",petrol,Audi,,,A3,SLF356A,2022-07-13 13:21:44,https://carro-ds-acoustic-data.s3.ap-southeast-1.amazonaws.com/sounds/Audi-SLF356A-Normal-13-21-44-7-13-2022.m4a,https://ds-acoustic-audioset.s3.ap-southeast-1.amazonaws.com/workshop-10s-audio/Audi-SLF356A-Normal-13-21-44-7-13-2022.m4a_20220713155149.278249.wav,fltp,44100.0,No Abnormal Sounds,Workshop,null,null,2022-07-23 11:19:17.818000
2.0,aac,audio,11.0,singapore,2022-07-13T04:48:35.000000Z,10.0,30.718526,,['Custom'],18de938a46c5399c29da7538a2bda755,"mov,mp4,m4a,3gp,3g2,mj2",petrol,Ford,,,Focus,SJA8426D,2022-07-13 12:48:35,https://carro-ds-acoustic-data.s3.ap-southeast-1.amazonaws.com/sounds/undefined-SJA8426D-Custom-12-48-35-7-13-2022.m4a,https://ds-acoustic-audioset.s3.ap-southeast-1.amazonaws.com/workshop-10s-audio/undefined-SJA8426D-Custom-12-48-35-7-13-2022.m4a_20220713155105.696544.wav,fltp,44100.0,Custom,Workshop,undefined,undefined,2022-07-23 11:19:17.397000
2.0,aac,audio,11.0,singapore,2022-07-20T04:47:33.000000Z,,30.811406,,['Normal'],4d000e92ed49ade448ba3dcf7272a88f,"mov,mp4,m4a,3gp,3g2,mj2",,Honda,,,Civic,SMG9121E,2022-07-20 12:47:32,https://carro-ds-acoustic-data.s3.ap-southeast-1.amazonaws.com/sounds/Honda-SMG9121E-Normal-12-47-32-7-20-2022.m4a,,fltp,44100.0,No Abnormal Sounds,Workshop,null,null,2022-07-30 11:19:17.117000
1.0,aac,audio,10.0,indonesia,2022-07-22T07:01:45.000000Z,10.0,30.016,,['Normal'],4572d7f657d12e4dffdcad034fcf87ab,"mov,mp4,m4a,3gp,3g2,mj2",petrol,Toyota,,,Avanza,B1175WKY,2022-07-22 14:01:46,https://carro-ds-acoustic-data.s3.ap-southeast-1.amazonaws.com/videos/Toyota-B1175WKY-Normal-14-1-46-7-22-2022.mp4,https://ds-acoustic-audioset.s3.ap-southeast-1.amazonaws.com/workshop-10s-audio/Toyota-B1175WKY-Normal-14-1-46-7-22-2022.mp4_20220723095034.392522.wav,fltp,48000.0,No Abnormal Sounds,Workshop,null,null,2022-08-01 11:19:17.781000
1.0,aac,audio,10.0,indonesia,2022-07-20T03:34:55.000000Z,10.0,19.719646,,['Abnormal'],bf426af9f45b2db2531570cd807eccff,"mov,mp4,m4a,3gp,3g2,mj2",petrol,Daihatsu ,,,Xenia,D1457AFV,2022-07-20 10:34:57,https://carro-ds-acoustic-data.s3.ap-southeast-1.amazonaws.com/videos/Daihatsu -D1457AFV-Abnormal-10-34-57-7-20-2022.mp4,https://ds-acoustic-audioset.s3.ap-southeast-1.amazonaws.com/workshop-10s-audio/Daihatsu -D1457AFV-Abnormal-10-34-57-7-20-2022.mp4_20220722035028.042172.wav,fltp,48000.0,,Workshop,null,null,2022-07-29 11:19:17.268000
1.0,aac,audio,10.0,indonesia,2022-07-11T04:33:43.000000Z,10.0,20.864,,['Normal'],34b23532b9b1fff5cff65a0943a328c3,"mov,mp4,m4a,3gp,3g2,mj2",petrol,Daihatsu,,,Sigra,B2881BIY,2022-07-11 11:33:44,https://carro-ds-acoustic-data.s3.ap-southeast-1.amazonaws.com/videos/Daihatsu-B2881BIY-Normal-11-33-44-7-11-2022.mp4,https://ds-acoustic-audioset.s3.ap-southeast-1.amazonaws.com/workshop-10s-audio/Daihatsu-B2881BIY-Normal-11-33-44-7-11-2022.mp4_20220711155023.174626.wav,fltp,48000.0,No Abnormal Sounds,Workshop,null,null,2022-07-21 11:19:17.714000
1.0,aac,audio,10.0,indonesia,2022-07-13T06:51:56.000000Z,10.0,30.016,,['Normal'],cf509f44e71d79b9bf0bd5c5ecd58b45,"mov,mp4,m4a,3gp,3g2,mj2",petrol,Daihatsu,,,Granmax 1.5 blind van,A8405FD,2022-07-13 13:51:58,https://carro-ds-acoustic-data.s3.ap-southeast-1.amazonaws.com/videos/Daihatsu-A8405FD-Normal-13-51-58-7-13-2022.mp4,https://ds-acoustic-audioset.s3.ap-southeast-1.amazonaws.com/workshop-10s-audio/Daihatsu-A8405FD-Normal-13-51-58-7-13-2022.mp4_20220713155153.500058.wav,fltp,48000.0,No Abnormal Sounds,Workshop,null,null,2022-07-23 11:19:17.908000
1.0,aac,audio,10.0,indonesia,2022-07-11T04:49:11.000000Z,10.0,30.016,,['Normal'],ba2f1c29cbc87cca0283a6797ac8fbec,"mov,mp4,m4a,3gp,3g2,mj2",,Mitsubishi,,,Outlander sport 2.0L PX,B1148NLT,2022-07-11 11:49:13,https://carro-ds-acoustic-data.s3.ap-southeast-1.amazonaws.com/videos/Mitsubishi-B1148NLT-Normal-11-49-13-7-11-2022.mp4,https://ds-acoustic-audioset.s3.ap-southeast-1.amazonaws.com/workshop-10s-audio/Mitsubishi-B1148NLT-Normal-11-49-13-7-11-2022.mp4_20220711215015.309947.wav,fltp,48000.0,No Abnormal Sounds,Workshop,null,null,2022-07-21 11:19:17.798000
2.0,aac,audio,12.0,singapore,2022-07-20T05:28:45.000000Z,10.0,30.55746,1496.0,['Abnormal'],b8d5f82d0af49db23f1b5c7485ec9277,"mov,mp4,m4a,3gp,3g2,mj2",petrol,Honda,2019.0,163988.0,Vezel,SMX4950B,2022-07-20 13:28:45,https://carro-ds-acoustic-data.s3.ap-southeast-1.amazonaws.com/sounds/Honda-SMX4950B-Abnormal-13-28-45-7-20-2022.m4a,https://ds-acoustic-audioset.s3.ap-southeast-1.amazonaws.com/workshop-10s-audio/Honda-SMX4950B-Abnormal-13-28-45-7-20-2022.m4a_20220721035029.932434.wav,fltp,44100.0,Engine Block,Workshop,1.5x Cvt,automatic,2022-07-30 11:19:17.597000
2.0,aac,audio,11.0,singapore,2022-07-13T04:31:40.000000Z,10.0,30.416667,,['Normal'],e1698ac6999bcc8b54df9b5092268400,"mov,mp4,m4a,3gp,3g2,mj2",petrol,Volkswagen,,,Jetta,SLZ4152P,2022-07-13 12:31:40,https://carro-ds-acoustic-data.s3.ap-southeast-1.amazonaws.com/sounds/Volkswagen-SLZ4152P-Normal-12-31-40-7-13-2022.m4a,https://ds-acoustic-audioset.s3.ap-southeast-1.amazonaws.com/workshop-10s-audio/Volkswagen-SLZ4152P-Normal-12-31-40-7-13-2022.m4a_20220713215022.064512.wav,fltp,44100.0,No Abnormal Sounds,Workshop,undefined,undefined,2022-07-23 11:19:17.109000
1.0,aac,audio,10.0,indonesia,2022-07-11T05:43:46.000000Z,10.0,24.264688,,['Normal'],d67b282cb42199c13ad08bc32cb24920,"mov,mp4,m4a,3gp,3g2,mj2",bensin,Toyota,,,Harrier 2.4,B1362CLP,2022-07-11 12:43:47,https://carro-ds-acoustic-data.s3.ap-southeast-1.amazonaws.com/videos/Toyota-B1362CLP-Normal-12-43-47-7-11-2022.mp4,https://ds-acoustic-audioset.s3.ap-southeast-1.amazonaws.com/workshop-10s-audio/Toyota-B1362CLP-Normal-12-43-47-7-11-2022.mp4_20220711215011.330522.wav,fltp,48000.0,No Abnormal Sounds,Workshop,null,null,2022-07-21 11:19:17.854000
1.0,aac,audio,10.0,indonesia,2022-07-16T05:52:07.000000Z,10.0,29.141333,,['Normal'],f6b982fb400e17cfbd893005151f686e,"mov,mp4,m4a,3gp,3g2,mj2",petrol,Daihatsu,,,Rocky,B1123HFC,2022-07-16 12:52:09,https://carro-ds-acoustic-data.s3.ap-southeast-1.amazonaws.com/videos/Daihatsu-B1123HFC-Normal-12-52-9-7-16-2022.mp4,https://ds-acoustic-audioset.s3.ap-southeast-1.amazonaws.com/workshop-10s-audio/Daihatsu-B1123HFC-Normal-12-52-9-7-16-2022.mp4_20220716155030.866224.wav,fltp,48000.0,No Abnormal Sounds,Workshop,null,null,2022-07-26 11:19:16.876000
1.0,aac,audio,10.0,indonesia,2022-07-16T07:32:39.000000Z,10.0,18.56,,['Normal'],818d7b689e3abf2202590ccadefba23e,"mov,mp4,m4a,3gp,3g2,mj2",petrol,Toyota,,,Calya,B2905SYO,2022-07-16 14:32:40,https://carro-ds-acoustic-data.s3.ap-southeast-1.amazonaws.com/videos/Toyota-B2905SYO-Normal-14-32-40-7-16-2022.mp4,https://ds-acoustic-audioset.s3.ap-southeast-1.amazonaws.com/workshop-10s-audio/Toyota-B2905SYO-Normal-14-32-40-7-16-2022.mp4_20220716155026.810743.wav,fltp,48000.0,No Abnormal Sounds,Workshop,null,null,2022-07-26 11:19:17.059000
1.0,aac,audio,10.0,indonesia,2022-07-13T04:00:17.000000Z,10.0,25.685333,,['Normal'],7d1ebd26bb1dd321470e75fc500d7327,"mov,mp4,m4a,3gp,3g2,mj2",petrol,Mitsubishi,,,Triton,B9033PBD,2022-07-13 11:00:18,https://carro-ds-acoustic-data.s3.ap-southeast-1.amazonaws.com/videos/Mitsubishi-B9033PBD-Normal-11-0-18-7-13-2022.mp4,https://ds-acoustic-audioset.s3.ap-southeast-1.amazonaws.com/workshop-10s-audio/Mitsubishi-B9033PBD-Normal-11-0-18-7-13-2022.mp4_20220713155025.701740.wav,fltp,48000.0,No Abnormal Sounds,Workshop,null,null,2022-07-22 11:19:16.812000
2.0,aac,audio,12.0,singapore,2022-07-27T04:31:56.000000Z,10.0,30.6039,,['Normal'],4e4fa1e8071d143c0587eda3fd46749e,"mov,mp4,m4a,3gp,3g2,mj2",petrol,Mercedes-Benz,,,C180,SKJ8666T,2022-07-27 12:31:56,https://carro-ds-acoustic-data.s3.ap-southeast-1.amazonaws.com/sounds/Mercedes-Benz-SKJ8666T-Normal-12-31-56-7-27-2022.m4a,https://ds-acoustic-audioset.s3.ap-southeast-1.amazonaws.com/workshop-10s-audio/Mercedes-Benz-SKJ8666T-Normal-12-31-56-7-27-2022.m4a_20220728035025.171717.wav,fltp,44100.0,No Abnormal Sounds,Workshop,null,null,2022-08-04 11:19:17.282000
1.0,aac,audio,10.0,indonesia,2022-07-11T09:46:08.000000Z,10.0,20.076125,,['Normal'],5499d0c3ef3a9f1427fb6f5edb2ae6fc,"mov,mp4,m4a,3gp,3g2,mj2",petrol,Toyota,,,Calya,A1707BK,2022-07-11 16:46:09,https://carro-ds-acoustic-data.s3.ap-southeast-1.amazonaws.com/videos/Toyota-A1707BK-Normal-16-46-9-7-11-2022.mp4,https://ds-acoustic-audioset.s3.ap-southeast-1.amazonaws.com/workshop-10s-audio/Toyota-A1707BK-Normal-16-46-9-7-11-2022.mp4_20220711155025.929970.wav,fltp,48000.0,No Abnormal Sounds,Workshop,null,null,2022-07-21 11:19:18.108000
2.0,aac,audio,12.0,singapore,2022-07-27T05:05:44.000000Z,10.0,30.441361,,['Normal'],6d6459a2793aaf53285e709f3dabb779,"mov,mp4,m4a,3gp,3g2,mj2",petrol,Honda,,,Civic,SNG2410J,2022-07-27 13:05:44,https://carro-ds-acoustic-data.s3.ap-southeast-1.amazonaws.com/sounds/Honda-SNG2410J-Normal-13-5-44-7-27-2022.m4a,https://ds-acoustic-audioset.s3.ap-southeast-1.amazonaws.com/workshop-10s-audio/Honda-SNG2410J-Normal-13-5-44-7-27-2022.m4a_20220729035028.754969.wav,fltp,44100.0,No Abnormal Sounds,Workshop,null,null,2022-08-04 11:19:17.821000
,,,,indonesia,,,,,['Abnormal'],,,petrol,Toyota,,,Corolla SE. G,B8211TL,2022-07-14 12:24:43,https://carro-ds-acoustic-data.s3.ap-southeast-1.amazonaws.com/Toyota-B8211TL-Abnormal-12-24-43-7-14-2022.m4a,,,,AC Compressor,Workshop,null,null,2022-07-24 11:19:16.730000
1.0,aac,audio,10.0,indonesia,2022-07-15T05:42:59.000000Z,10.0,30.037333,,['Normal'],5c4cd29b7ce8b1d9432b195b22c17aa7,"mov,mp4,m4a,3gp,3g2,mj2",petrol,Daihatsu,,,Sigra 1.2 X,A1119ZW,2022-07-15 12:43:06,https://carro-ds-acoustic-data.s3.ap-southeast-1.amazonaws.com/videos/Daihatsu-A1119ZW-Normal-12-43-6-7-15-2022.mp4,https://ds-acoustic-audioset.s3.ap-southeast-1.amazonaws.com/workshop-10s-audio/Daihatsu-A1119ZW-Normal-12-43-6-7-15-2022.mp4_20220715155036.471508.wav,fltp,48000.0,No Abnormal Sounds,Workshop,null,null,2022-07-25 11:19:16.602000
1.0,aac,audio,10.0,indonesia,2022-07-11T07:43:04.000000Z,10.0,24.874667,,['Normal'],d0e7d1998a1a91576aee108673805bf1,"mov,mp4,m4a,3gp,3g2,mj2",petrol,Mitsubishi,,,Pajerosport,B1215BJG,2022-07-11 14:43:31,https://carro-ds-acoustic-data.s3.ap-southeast-1.amazonaws.com/videos/Mitsubishi-B1215BJG-Normal-14-43-31-7-11-2022.mp4,https://ds-acoustic-audioset.s3.ap-southeast-1.amazonaws.com/workshop-10s-audio/Mitsubishi-B1215BJG-Normal-14-43-31-7-11-2022.mp4_20220711155029.316413.wav,fltp,48000.0,No Abnormal Sounds,Workshop,null,null,2022-07-21 11:19:18.044000
2.0,aac,audio,11.0,singapore,2022-07-27T05:04:19.000000Z,10.0,30.579206,,['Normal'],e401336b3a92f8e23ad4814c09ac199d,"mov,mp4,m4a,3gp,3g2,mj2",petrol,Subaru,,,Forester,SJU9848H,2022-07-27 13:04:19,https://carro-ds-acoustic-data.s3.ap-southeast-1.amazonaws.com/sounds/Subaru-SJU9848H-Normal-13-4-19-7-27-2022.m4a,https://ds-acoustic-audioset.s3.ap-southeast-1.amazonaws.com/workshop-10s-audio/Subaru-SJU9848H-Normal-13-4-19-7-27-2022.m4a_20220728095034.242409.wav,fltp,44100.0,No Abnormal Sounds,Workshop,null,null,2022-08-04 11:19:17.777000
2.0,aac,audio,11.0,singapore,2022-07-27T04:47:29.000000Z,10.0,30.648866,,['Abnormal'],b506d4bd12b6a15f87858dbcd5ab8613,"mov,mp4,m4a,3gp,3g2,mj2",petrol,Honda,,,Vezel 1.5X,SLE4549P,2022-07-27 12:47:29,https://carro-ds-acoustic-data.s3.ap-southeast-1.amazonaws.com/sounds/Honda-SLE4549P-Abnormal-12-47-29-7-27-2022.m4a,https://ds-acoustic-audioset.s3.ap-southeast-1.amazonaws.com/workshop-10s-audio/Honda-SLE4549P-Abnormal-12-47-29-7-27-2022.m4a_20220729095017.283362.wav,fltp,44100.0,Engine Block,Workshop,null,null,2022-08-04 11:19:17.502000
1.0,aac,audio,10.0,indonesia,2022-07-21T04:32:30.000000Z,,24.45425,,['Normal'],4e69713a531936a0d78e240152ea8f3c,"mov,mp4,m4a,3gp,3g2,mj2",petrol,Daihatsu,,,1.0 M,B1461NKW,2022-07-21 11:32:32,https://carro-ds-acoustic-data.s3.ap-southeast-1.amazonaws.com/videos/Daihatsu-B1461NKW-Normal-11-32-32-7-21-2022.mp4,,fltp,48000.0,No Abnormal Sounds,Workshop,null,null,2022-07-31 11:19:16.806000
2.0,aac,audio,11.0,singapore,2022-07-13T05:09:29.000000Z,10.0,30.486327,,['Normal'],0f04e581a20b3b9379eade5f149479e8,"mov,mp4,m4a,3gp,3g2,mj2",petrol,Mercedes,,,CLA200,SND3884J,2022-07-13 13:09:29,https://carro-ds-acoustic-data.s3.ap-southeast-1.amazonaws.com/sounds/Mercedes-SND3884J-Normal-13-9-29-7-13-2022.m4a,https://ds-acoustic-audioset.s3.ap-southeast-1.amazonaws.com/workshop-10s-audio/Mercedes-SND3884J-Normal-13-9-29-7-13-2022.m4a_20220713155132.705183.wav,fltp,44100.0,No Abnormal Sounds,Workshop,null,null,2022-07-23 11:19:17.645000
1.0,aac,audio,10.0,indonesia,2022-07-22T07:58:38.000000Z,10.0,19.2,,['Normal'],a549bdd4dae1aaa4cbdbd49539da58e2,"mov,mp4,m4a,3gp,3g2,mj2",petrol,Honda,,,Brv,B1676VOF,2022-07-22 14:58:39,https://carro-ds-acoustic-data.s3.ap-southeast-1.amazonaws.com/videos/Honda-B1676VOF-Normal-14-58-39-7-22-2022.mp4,https://ds-acoustic-audioset.s3.ap-southeast-1.amazonaws.com/workshop-10s-audio/Honda-B1676VOF-Normal-14-58-39-7-22-2022.mp4_20220723095038.184069.wav,fltp,48000.0,No Abnormal Sounds,Workshop,null,null,2022-08-01 11:19:17.826000
1.0,aac,audio,10.0,indonesia,2022-07-21T05:56:14.000000Z,10.0,30.016,,['Normal'],69e62cfef156c44e3b93e9f27cc34a97,"mov,mp4,m4a,3gp,3g2,mj2",petrol,Honda,,,Civic fd1 1.8,B2713XO,2022-07-21 12:56:16,https://carro-ds-acoustic-data.s3.ap-southeast-1.amazonaws.com/videos/Honda-B2713XO-Normal-12-56-16-7-21-2022.mp4,https://ds-acoustic-audioset.s3.ap-southeast-1.amazonaws.com/workshop-10s-audio/Honda-B2713XO-Normal-12-56-16-7-21-2022.mp4_20220722035037.369083.wav,fltp,48000.0,No Abnormal Sounds,Workshop,null,null,2022-07-31 11:19:16.944000
,,,,indonesia,,,,,['Normal'],,,petrol,NISSAN,,,SERENA,F1822NH,2022-07-15 15:45:12,https://carro-ds-acoustic-data.s3.ap-southeast-1.amazonaws.com/NISSAN-F1822NH-Normal-15-45-12-7-15-2022.m4a,,,,No Abnormal Sounds,Workshop,null,null,2022-07-25 11:19:16.737000
2.0,aac,audio,11.0,singapore,2022-07-13T04:28:40.000000Z,10.0,30.579206,,['Normal'],46c7b203f0ed8c13c2ba9030254408ed,"mov,mp4,m4a,3gp,3g2,mj2",petrol,Hyundai,,,Avante,SJQ5520A,2022-07-13 12:28:39,https://carro-ds-acoustic-data.s3.ap-southeast-1.amazonaws.com/sounds/Hyundai-SJQ5520A-Normal-12-28-39-7-13-2022.m4a,https://ds-acoustic-audioset.s3.ap-southeast-1.amazonaws.com/workshop-10s-audio/Hyundai-SJQ5520A-Normal-12-28-39-7-13-2022.m4a_20220713155019.307607.wav,fltp,44100.0,No Abnormal Sounds,Workshop,undefined,undefined,2022-07-23 11:19:17.056000
,,,,indonesia,,,,,['Normal'],,,petrol,SUZUKI,,,ERTIGA GL,F1612OG,2022-07-26 13:22:20,https://carro-ds-acoustic-data.s3.ap-southeast-1.amazonaws.com/SUZUKI-F1612OG-Normal-13-22-20-7-26-2022.m4a,,,,No Abnormal Sounds,Workshop,null,null,2022-08-04 11:19:17.069000
,,,,indonesia,,,,,['Normal'],,,petrol,SUZUKI ,,,SPLASH,F1347CW,2022-07-15 11:16:10,https://carro-ds-acoustic-data.s3.ap-southeast-1.amazonaws.com/SUZUKI -F1347CW-Normal-11-16-10-7-15-2022.m4a,,,,No Abnormal Sounds,Workshop,null,null,2022-07-24 11:19:16.980000
,,,,indonesia,,,,,['Normal'],,,petrol,HONDA,,,JAZZ,B2036UKC,2022-07-26 15:16:04,https://carro-ds-acoustic-data.s3.ap-southeast-1.amazonaws.com/HONDA-B2036UKC-Normal-15-16-4-7-26-2022.m4a,,,,No Abnormal Sounds,Workshop,null,null,2022-08-04 11:19:17.144000
,,,,indonesia,,,,,['Normal'],,,petrol,Mitsubishi,,,Outlander Sport,B2696CBA,2022-07-13 11:25:52,https://carro-ds-acoustic-data.s3.ap-southeast-1.amazonaws.com/Mitsubishi-B2696CBA-Normal-11-25-52-7-13-2022.m4a,,,,No Abnormal Sounds,Workshop,null,null,2022-07-23 11:19:16.652000
2.0,aac,audio,11.0,singapore,2022-07-13T04:42:50.000000Z,10.0,30.439887,,['Normal'],bf78fe1719c60c15cd55aa830334c008,"mov,mp4,m4a,3gp,3g2,mj2",petrol,Range Rover,,,Evoque,SNG327E,2022-07-13 12:42:49,https://carro-ds-acoustic-data.s3.ap-southeast-1.amazonaws.com/sounds/Range Rover-SNG327E-Normal-12-42-49-7-13-2022.m4a,https://ds-acoustic-audioset.s3.ap-southeast-1.amazonaws.com/workshop-10s-audio/Range Rover-SNG327E-Normal-12-42-49-7-13-2022.m4a_20220713155102.368050.wav,fltp,44100.0,No Abnormal Sounds,Workshop,null,null,2022-07-23 11:19:17.264000
2.0,aac,audio,12.0,singapore,2022-07-20T05:11:28.000000Z,10.0,30.441361,1332.0,['Normal'],77bda244a8228a8b2d19cc33c60178ab,"mov,mp4,m4a,3gp,3g2,mj2",petrol,Mercedes-Benz,2021.0,14673.0,B180,SNB8232T,2022-07-20 13:11:28,https://carro-ds-acoustic-data.s3.ap-southeast-1.amazonaws.com/sounds/Mercedes-Benz-SNB8232T-Normal-13-11-28-7-20-2022.m4a,https://ds-acoustic-audioset.s3.ap-southeast-1.amazonaws.com/workshop-10s-audio/Mercedes-Benz-SNB8232T-Normal-13-11-28-7-20-2022.m4a_20220721095036.257668.wav,fltp,44100.0,No Abnormal Sounds,Workshop,Progressive,automatic,2022-07-30 11:19:17.351000
2.0,aac,audio,12.0,singapore,2022-07-20T05:27:20.000000Z,10.0,30.58068,1496.0,['Normal'],f98b19b78117deecd7144f1cd7da2b88,"mov,mp4,m4a,3gp,3g2,mj2",petrol,Honda,2019.0,163988.0,Vezel,SMX4950B,2022-07-20 13:27:20,https://carro-ds-acoustic-data.s3.ap-southeast-1.amazonaws.com/sounds/Honda-SMX4950B-Normal-13-27-20-7-20-2022.m4a,https://ds-acoustic-audioset.s3.ap-southeast-1.amazonaws.com/workshop-10s-audio/Honda-SMX4950B-Normal-13-27-20-7-20-2022.m4a_20220721095032.078289.wav,fltp,44100.0,No Abnormal Sounds,Workshop,1.5x Cvt,automatic,2022-07-30 11:19:17.528000
,,,,indonesia,,,,,['Normal'],,,petrol,TOYOTA ,,,INNOVA V,B1930WIE,2022-07-23 11:46:42,https://carro-ds-acoustic-data.s3.ap-southeast-1.amazonaws.com/TOYOTA -B1930WIE-Normal-11-46-42-7-23-2022.m4a,,,,No Abnormal Sounds,Workshop,null,null,2022-08-02 11:19:16.747000
1.0,aac,audio,10.0,indonesia,2022-07-18T07:51:57.000000Z,10.0,20.188542,,['Normal'],7bad8ddcb78c26db2eba905e59709851,"mov,mp4,m4a,3gp,3g2,mj2",petrol,Mitsubishi,,,Pajero sport,B1983BJP,2022-07-18 14:51:58,https://carro-ds-acoustic-data.s3.ap-southeast-1.amazonaws.com/videos/Mitsubishi-B1983BJP-Normal-14-51-58-7-18-2022.mp4,https://ds-acoustic-audioset.s3.ap-southeast-1.amazonaws.com/workshop-10s-audio/Mitsubishi-B1983BJP-Normal-14-51-58-7-18-2022.mp4_20220718215016.189261.wav,fltp,48000.0,No Abnormal Sounds,Workshop,null,null,2022-07-28 11:19:17.022000
1.0,aac,audio,10.0,indonesia,2022-07-23T05:35:17.000000Z,10.0,18.992042,,['Normal'],339daaa9fcc1a3daa54a6d52ed4e48c5,"mov,mp4,m4a,3gp,3g2,mj2",petrol,Daihatsu,,,Terios,F1691AAP,2022-07-23 12:35:19,https://carro-ds-acoustic-data.s3.ap-southeast-1.amazonaws.com/videos/Daihatsu-F1691AAP-Normal-12-35-19-7-23-2022.mp4,https://ds-acoustic-audioset.s3.ap-southeast-1.amazonaws.com/workshop-10s-audio/Daihatsu-F1691AAP-Normal-12-35-19-7-23-2022.mp4_20220723215036.867223.wav,fltp,48000.0,No Abnormal Sounds,Workshop,null,null,2022-08-02 11:19:16.829000
2.0,aac,audio,11.0,singapore,2022-07-21T09:08:55.000000Z,,2.484422,,['Normal'],89dd2f1fbcbdef1be0be0d662e47bf83,"mov,mp4,m4a,3gp,3g2,mj2",cng,Test,,,Test,TEST,2022-07-21 17:08:55,https://carro-ds-acoustic-data.s3.ap-southeast-1.amazonaws.com/sounds/Test-TEST-Normal-17-8-55-7-21-2022.m4a,,fltp,44100.0,No Abnormal Sounds,Workshop,null,null,2022-07-31 11:19:17.296000
,,,,indonesia,,,,2.0,['Normal'],,,petrol,HONDA ,2017.0,101694.0,HRV,F1298DA,2022-08-02 16:42:48,https://carro-ds-acoustic-data.s3.ap-southeast-1.amazonaws.com/HONDA -F1298DA-Normal-16-42-48-8-2-2022.m4a,,,,No Abnormal Sounds,Workshop,HRV 1.5 E CVT,automatic,2022-08-04 11:19:18.403000
,,,,indonesia,,,,,['Normal'],,,petrol,honda,,,hrv,F1299AW,2022-07-15 13:26:24,https://carro-ds-acoustic-data.s3.ap-southeast-1.amazonaws.com/honda-f1299aw-Normal-13-26-24-7-15-2022.m4a,,,,No Abnormal Sounds,Workshop,null,null,2022-07-25 11:19:16.662000
,,,,indonesia,,,,,['Normal'],,,petrol,Daihatsu,,,Sigra X,B2452BIP,2022-07-19 10:01:16,https://carro-ds-acoustic-data.s3.ap-southeast-1.amazonaws.com/Daihatsu-B2452BIP-Normal-10-1-16-7-19-2022.m4a,,,,No Abnormal Sounds,Workshop,null,null,2022-07-28 11:19:17.098000
,,,,indonesia,,,,,['Normal'],,,petrol,Suzuki,,,Ertiga 1.4 GX,B2596SZW,2022-07-16 12:00:42,https://carro-ds-acoustic-data.s3.ap-southeast-1.amazonaws.com/videos/Suzuki-B2596SZW-Normal-12-0-42-7-16-2022.mp4,,,,No Abnormal Sounds,Workshop,null,null,2022-07-26 11:19:16.794000
1.0,aac,audio,10.0,indonesia,2022-07-18T01:54:25.000000Z,10.0,30.037333,,['Normal'],41719b42fb9b4b7df55d7921a44de92e,"mov,mp4,m4a,3gp,3g2,mj2",petrol,Toyota,,,Sienta 1.5 G,A1509ZS,2022-07-18 08:54:26,https://carro-ds-acoustic-data.s3.ap-southeast-1.amazonaws.com/videos/Toyota-A1509ZS-Normal-8-54-26-7-18-2022.mp4,https://ds-acoustic-audioset.s3.ap-southeast-1.amazonaws.com/workshop-10s-audio/Toyota-A1509ZS-Normal-8-54-26-7-18-2022.mp4_20220718155029.684048.wav,fltp,48000.0,No Abnormal Sounds,Workshop,null,null,2022-07-27 11:19:16.747000
1.0,aac,audio,10.0,indonesia,2022-07-17T03:33:49.000000Z,10.0,19.269479,,['Normal'],8e409bea140ea76c9407d1a105d71b22,"mov,mp4,m4a,3gp,3g2,mj2",petrol,Honda,,,Jazz,B1951CMV,2022-07-17 10:33:50,https://carro-ds-acoustic-data.s3.ap-southeast-1.amazonaws.com/videos/Honda-B1951CMV-Normal-10-33-50-7-17-2022.mp4,https://ds-acoustic-audioset.s3.ap-southeast-1.amazonaws.com/workshop-10s-audio/Honda-B1951CMV-Normal-10-33-50-7-17-2022.mp4_20220717155023.184869.wav,fltp,48000.0,No Abnormal Sounds,Workshop,null,null,2022-07-26 11:19:17.185000
,,,,indonesia,,,,,['Normal'],,,petrol,Daihatsu,,,Terios X,B1288JFF,2022-07-13 10:12:00,https://carro-ds-acoustic-data.s3.ap-southeast-1.amazonaws.com/Daihatsu-B1288JFF-Normal-10-12-0-7-13-2022.m4a,,,,No Abnormal Sounds,Workshop,null,null,2022-07-22 11:19:16.736000
,,,,indonesia,,,,,['Normal'],,,petrol,mitsubishi,,,mirage,A1068BI,2022-07-23 15:25:39,https://carro-ds-acoustic-data.s3.ap-southeast-1.amazonaws.com/mitsubishi-A1068BI-Normal-15-25-39-7-23-2022.m4a,,,,No Abnormal Sounds,Workshop,null,null,2022-08-02 11:19:16.913000
2.0,aac,audio,12.0,singapore,2022-07-27T04:52:29.000000Z,10.0,30.371701,,['Normal'],2f1d734f05fc6391acf082601020e869,"mov,mp4,m4a,3gp,3g2,mj2",petrol,Infiniti,,,Q30,SMH6513B,2022-07-27 12:52:29,https://carro-ds-acoustic-data.s3.ap-southeast-1.amazonaws.com/sounds/Infiniti-SMH6513B-Normal-12-52-29-7-27-2022.m4a,https://ds-acoustic-audioset.s3.ap-southeast-1.amazonaws.com/workshop-10s-audio/Infiniti-SMH6513B-Normal-12-52-29-7-27-2022.m4a_20220728215028.565818.wav,fltp,44100.0,No Abnormal Sounds,Workshop,null,null,2022-08-04 11:19:17.572000
2.0,aac,audio,11.0,singapore,2022-07-27T04:59:20.000000Z,10.0,30.648866,,['Normal'],728b1474fcfe67313e73074275d9040d,"mov,mp4,m4a,3gp,3g2,mj2",petrol,Volvo,,,S60,SLA2449D,2022-07-27 12:59:20,https://carro-ds-acoustic-data.s3.ap-southeast-1.amazonaws.com/sounds/Volvo-SLA2449D-Normal-12-59-20-7-27-2022.m4a,https://ds-acoustic-audioset.s3.ap-southeast-1.amazonaws.com/workshop-10s-audio/Volvo-SLA2449D-Normal-12-59-20-7-27-2022.m4a_20220728215036.836252.wav,fltp,44100.0,No Abnormal Sounds,Workshop,null,null,2022-08-04 11:19:17.729000
2.0,aac,audio,11.0,singapore,2022-07-27T04:44:21.000000Z,10.0,30.695306,,['Normal'],b8d5adad4e6ed0d532bfff649b510868,"mov,mp4,m4a,3gp,3g2,mj2",petrol,Honda,,,Vezel 1.5X,SLE4549P,2022-07-27 12:44:21,https://carro-ds-acoustic-data.s3.ap-southeast-1.amazonaws.com/sounds/Honda-SLE4549P-Normal-12-44-21-7-27-2022.m4a,https://ds-acoustic-audioset.s3.ap-southeast-1.amazonaws.com/workshop-10s-audio/Honda-SLE4549P-Normal-12-44-21-7-27-2022.m4a_20220729035032.785202.wav,fltp,44100.0,No Abnormal Sounds,Workshop,null,null,2022-08-04 11:19:17.461000
1.0,aac,audio,10.0,indonesia,2022-07-13T04:30:32.000000Z,10.0,30.033479,,['Abnormal'],aefdccd3c0746275006cde845f462b5c,"mov,mp4,m4a,3gp,3g2,mj2",petrol,Ford,,,Fiesta 1.6l S,B1024KOS,2022-07-13 11:30:33,https://carro-ds-acoustic-data.s3.ap-southeast-1.amazonaws.com/videos/Ford-B1024KOS-Abnormal-11-30-33-7-13-2022.mp4,https://ds-acoustic-audioset.s3.ap-southeast-1.amazonaws.com/workshop-10s-audio/Ford-B1024KOS-Abnormal-11-30-33-7-13-2022.mp4_20220713155029.900447.wav,fltp,48000.0,,Workshop,null,null,2022-07-23 11:19:16.837000
2.0,aac,audio,12.0,singapore,2022-07-27T04:39:28.000000Z,10.0,30.46458,,['Normal'],c048a20857829dd8ade9cf91a640ae12,"mov,mp4,m4a,3gp,3g2,mj2",petrol,Mercedes-Benz,,,CLA 200,SNB9989L,2022-07-27 12:39:28,https://carro-ds-acoustic-data.s3.ap-southeast-1.amazonaws.com/sounds/Mercedes-Benz-SNB9989L-Normal-12-39-28-7-27-2022.m4a,https://ds-acoustic-audioset.s3.ap-southeast-1.amazonaws.com/workshop-10s-audio/Mercedes-Benz-SNB9989L-Normal-12-39-28-7-27-2022.m4a_20220729035036.839682.wav,fltp,44100.0,No Abnormal Sounds,Workshop,null,null,2022-08-04 11:19:17.390000
2.0,aac,audio,11.0,singapore,2022-07-27T04:26:30.000000Z,10.0,30.857846,,['Normal'],c1b4e186f874c32bf4df1bd98f55567a,"mov,mp4,m4a,3gp,3g2,mj2",petrol,BMW,,,730I M,SNA3028E,2022-07-27 12:26:30,https://carro-ds-acoustic-data.s3.ap-southeast-1.amazonaws.com/sounds/BMW-SNA3028E-Normal-12-26-30-7-27-2022.m4a,https://ds-acoustic-audioset.s3.ap-southeast-1.amazonaws.com/workshop-10s-audio/BMW-SNA3028E-Normal-12-26-30-7-27-2022.m4a_20220728215032.675976.wav,fltp,44100.0,No Abnormal Sounds,Workshop,null,null,2022-08-04 11:19:17.241000
2.0,aac,audio,12.0,singapore,2022-07-27T04:56:52.000000Z,10.0,30.46458,,['Normal'],b1904a901dea1f706e919c7467625edf,"mov,mp4,m4a,3gp,3g2,mj2",petrol,Hyundai,,,Avante,SMR4496C,2022-07-27 12:56:52,https://carro-ds-acoustic-data.s3.ap-southeast-1.amazonaws.com/sounds/Hyundai-SMR4496C-Normal-12-56-52-7-27-2022.m4a,https://ds-acoustic-audioset.s3.ap-southeast-1.amazonaws.com/workshop-10s-audio/Hyundai-SMR4496C-Normal-12-56-52-7-27-2022.m4a_20220728095030.064236.wav,fltp,44100.0,No Abnormal Sounds,Workshop,null,null,2022-08-04 11:19:17.641000
